wall_elapsed_s,ros_time,map_stamp,odom_stamp,map_frame,source_odom_frame,graph_frame,goal_frame,path_frame,initial_position_error_m,initial_yaw_error_deg,static_points,dynamic_points,graph_static_points,accumulated_static_points,graph_nodes,graph_edges,graph_components,largest_component,static_graph_nodes,static_graph_edges,static_graph_components,static_graph_largest,static_graph_invalid_frames,robot_component,robot_degree,blocked_edges,path_poses,path_length_m,path_goal_error_m,path_min_clearance_m,graph_edges_checked,graph_min_clearance_m,graph_clearance_violations,robot_static_clearance_m,waypoint_path_distance_m,reached,semantic_snapshot_s,semantic_update_s,semantic_callback_s,main_loop_s
3.396870,1786670396.953490,1769605459.457861,1769605459.457861,map_start,map,map_start,,,0.000000,0.000000,288,0,74,288,20,54,1,20,0,0,0,0,0,20,12,0,0,0.000000,inf,inf,29,0.471781,0,1.428286,inf,0,0.000985,0.000107,0.001098,0.003628
3.398248,1786670396.953490,1769605459.457861,1769605459.457861,map_start,map,map_start,,,0.000000,0.000000,288,0,74,288,20,54,1,20,0,0,0,0,0,20,12,0,0,0.000000,inf,inf,29,0.471781,0,1.428286,inf,0,0.000985,0.000107,0.001098,0.000065
3.799686,1786670397.355996,1769605459.857742,1769605459.857742,map_start,map,map_start,,,0.000000,0.000000,400,0,119,404,20,54,1,20,0,0,0,0,0,20,11,0,0,0.000000,inf,inf,27,0.492241,0,1.311488,inf,0,0.000439,0.000080,0.000526,0.003242
4.201791,1786670397.758418,1769605460.157801,1769605460.157801,map_start,map,map_start,,,0.000000,0.000000,440,0,139,444,21,52,1,21,0,0,0,0,0,21,8,0,0,0.000000,inf,inf,26,0.457477,0,1.039506,inf,0,0.000460,0.000090,0.000557,0.003821
4.606634,1786670398.161231,1769605460.557768,1769605460.557768,map_start,map,map_start,,,0.000000,0.000000,512,0,170,516,21,49,1,21,0,0,0,0,0,21,7,0,0,0.000000,inf,inf,23,0.473785,0,1.039506,inf,0,0.000689,0.000158,0.000858,0.005505
4.998459,1786670398.554541,1769605460.857878,1769605460.957700,map_start,map,map_start,,,0.000000,0.000000,528,0,176,544,21,51,1,21,0,0,0,0,0,21,7,0,0,0.000000,inf,inf,23,0.473785,0,1.039506,inf,0,0.000475,0.000096,0.000577,0.004579
5.401394,1786670398.957164,1769605461.257947,1769605461.257947,map_start,map,map_start,,,0.000000,0.000000,528,0,189,564,19,47,1,19,0,0,0,0,0,19,8,0,0,0.000000,inf,inf,23,0.478615,0,1.041107,inf,0,0.000531,0.000098,0.000637,0.004564
5.806819,1786670399.359565,1769605461.557801,1769605461.657746,map_start,map,map_start,,,0.000000,0.000000,556,0,199,576,21,50,1,21,0,0,0,0,0,21,8,0,0,0.000000,inf,inf,24,0.478615,0,1.041107,inf,0,0.000811,0.000162,0.000996,0.006824
6.207201,1786670399.762236,1769605461.957834,1769605461.957834,map_start,map,map_start,,,0.000000,0.000000,552,0,204,580,21,51,1,21,0,0,0,0,0,21,8,0,0,0.000000,inf,inf,24,0.478615,0,1.041107,inf,0,0.000514,0.000106,0.000629,0.004937
6.600798,1786670400.155671,1769605462.357857,1769605462.357857,map_start,map,map_start,,,0.000000,0.000000,552,0,205,588,21,51,1,21,0,0,0,0,0,21,8,0,0,0.000000,inf,inf,24,0.494786,0,1.039914,inf,0,0.000783,0.000197,0.000992,0.005765
7.006304,1786670400.559472,1769605462.657860,1769605462.757703,map_start,map,map_start,,,0.000000,0.000000,580,0,217,624,22,52,1,22,6,5,1,6,0,22,8,0,0,0.000000,inf,inf,23,0.490023,0,1.039914,inf,0,0.000849,0.000168,0.001035,0.007350
7.410452,1786670400.962111,1769605463.057787,1769605463.057787,map_start,map,map_start,,,0.000000,0.000000,604,0,224,640,22,52,1,22,6,5,1,6,0,22,8,0,0,0.000000,inf,inf,23,0.490023,0,1.039914,inf,0,0.000823,0.000174,0.001007,0.008729
7.801220,1786670401.354421,1769605463.358770,1769605463.457826,map_start,map,map_start,,,0.000000,0.000000,608,0,227,652,22,51,1,22,8,7,2,7,1,22,6,0,0,0.000000,inf,inf,22,0.480433,0,1.039317,inf,0,0.000559,0.000112,0.000681,0.006717
8.207034,1786670401.768058,1769605463.757796,1769605463.757796,map_start,map,map_start,,,0.000000,0.000000,588,0,226,656,22,51,1,22,8,7,2,7,2,22,6,0,0,0.000000,inf,inf,22,0.480433,0,1.039317,inf,0,0.000843,0.000164,0.001027,0.009361
8.610856,1786670402.170828,1769605464.057722,1769605464.157863,map_start,map,map_start,,,0.000000,0.000000,608,0,228,660,22,52,1,22,8,7,2,7,3,22,7,0,0,0.000000,inf,inf,23,0.485456,0,1.037916,inf,0,0.000876,0.000168,0.001050,0.009902
9.006789,1786670402.563582,1769605464.457789,1769605464.557767,map_start,map,map_start,,,0.000000,0.000000,612,0,231,668,25,68,1,25,7,7,1,7,0,25,7,0,0,0.000000,inf,inf,24,0.485456,0,1.037916,inf,0,0.000878,0.000169,0.001057,0.009902
9.405845,1786670402.966437,1769605464.857798,1769605464.857798,map_start,map,map_start,,,0.000000,0.000000,608,0,233,672,26,71,1,26,8,10,1,8,0,26,7,0,0,0.000000,inf,inf,25,0.485456,0,1.037916,inf,0,0.000810,0.000171,0.000992,0.009061
9.807910,1786670403.369010,1769605465.157680,1769605465.157680,map_start,map,map_start,,,0.000000,0.000000,624,0,242,700,26,72,1,26,8,10,1,8,0,26,7,0,0,0.000000,inf,inf,25,0.486365,0,1.037884,inf,0,0.000917,0.000210,0.001138,0.009061
10.208954,1786670403.762101,1769605465.557701,1769605465.557701,map_start,map,map_start,,,0.000000,0.000000,624,0,248,708,25,68,1,25,19,41,1,19,0,25,7,0,0,0.000000,inf,inf,24,0.486365,0,1.037884,inf,0,0.000647,0.000117,0.000774,0.007720
10.603304,1786670404.156173,1769605465.857830,1769605465.957759,map_start,map,map_start,,,0.000000,0.000000,628,0,251,724,26,76,1,26,19,41,1,19,0,26,8,0,0,0.000000,inf,inf,27,0.486235,0,1.037884,inf,0,0.000693,0.000119,0.000821,0.006945
11.007433,1786670404.568649,1769605466.157845,1769605466.257717,map_start,map,map_start,,,0.000000,0.000000,652,0,276,756,28,74,2,27,19,40,1,19,0,1,0,0,0,0.000000,inf,inf,22,0.469297,0,0.809739,inf,0,0.001012,0.000197,0.001229,0.008538
11.410739,1786670404.971297,1769605466.557896,1769605466.657809,map_start,map,map_start,,,0.000000,0.000000,707,0,292,791,27,69,2,26,19,38,2,18,1,1,0,0,0,0.000000,inf,inf,21,0.469297,0,0.809739,inf,0,0.001004,0.000201,0.001215,0.009890
11.808591,1786670405.364631,1769605466.957787,1769605466.957787,map_start,map,map_start,,,0.000000,0.000000,759,0,315,847,28,66,2,27,19,32,2,18,2,1,0,0,0,0.000000,inf,inf,18,0.468005,0,0.809739,inf,0,0.001205,0.000230,0.001450,0.014131
12.205813,1786670405.757577,1769605467.357737,1769605467.357737,map_start,map,map_start,,,0.000000,0.000000,815,0,339,927,29,74,2,28,19,30,3,17,3,1,0,0,0,0.000000,inf,inf,19,0.468005,0,0.580748,inf,0,0.000808,0.000150,0.000967,0.008782
12.608215,1786670406.160480,1769605467.657676,1769605467.757705,map_start,map,map_start,,,0.000000,0.000000,900,0,379,1016,25,49,2,24,19,25,6,13,4,1,0,0,0,0.000000,inf,inf,17,0.500146,0,0.580748,inf,0,0.001013,0.000157,0.001178,0.008782
13.012868,1786670406.573290,1769605467.957775,1769605468.057817,map_start,map,map_start,,,0.000000,0.000000,957,0,414,1068,27,57,2,26,19,24,7,12,5,1,0,0,0,0.000000,inf,inf,18,0.460818,0,0.580748,inf,0,0.000959,0.000178,0.001145,0.009378
13.406827,1786670406.966055,1769605468.357821,1769605468.457785,map_start,map,map_start,,,0.000000,0.000000,1130,0,476,1205,30,62,2,29,19,23,8,12,6,1,0,0,0,0.000000,inf,inf,22,0.505063,0,0.525080,inf,0,0.000998,0.000204,0.001209,0.011506
13.810420,1786670407.369237,1769605468.757795,1769605468.757795,map_start,map,map_start,,,0.000000,0.000000,1269,0,526,1360,31,64,2,30,19,23,8,12,7,1,0,0,0,0.000000,inf,inf,21,0.475662,0,0.525080,inf,0,0.001068,0.000214,0.001289,0.011531
14.212568,1786670407.772247,1769605469.057775,1769605469.157821,map_start,map,map_start,,,0.000000,0.000000,1387,0,575,1478,28,61,1,28,20,18,10,11,8,28,10,0,0,0.000000,inf,inf,24,0.545447,0,0.585082,inf,0,0.001044,0.000229,0.001281,0.011531
14.608806,1786670408.165169,1769605469.457753,1769605469.457753,map_start,map,map_start,,,0.000000,0.000000,1508,0,616,1623,29,60,2,28,20,18,10,11,9,1,0,0,0,0.000000,inf,inf,15,0.471391,0,0.585082,inf,0,0.001089,0.000243,0.001339,0.013600
15.010920,1786670408.568608,1769605469.857767,1769605469.857767,map_start,map,map_start,,,0.000000,0.000000,1595,0,652,1714,20,35,2,19,18,14,10,9,10,1,0,0,0,0.000000,inf,inf,9,0.478405,0,0.585082,inf,0,0.001862,0.000259,0.002129,0.012667
15.412447,1786670408.971174,1769605470.157923,1769605470.257796,map_start,map,map_start,,,0.000000,0.000000,1671,0,699,1790,21,38,2,20,18,14,10,9,11,1,0,0,0,0.000000,inf,inf,13,0.490775,0,0.826070,inf,0,0.001117,0.000264,0.001389,0.011568
15.810942,1786670409.363670,1769605470.557749,1769605470.557749,map_start,map,map_start,,,0.000000,0.000000,1792,0,772,1937,28,46,2,27,18,7,12,7,12,1,0,0,0,0.000000,inf,inf,16,0.484587,0,0.846768,inf,0,0.001880,0.000456,0.002346,0.017240
16.214749,1786670409.776085,1769605470.857691,1769605470.957817,map_start,map,map_start,,,0.000000,0.000000,1929,0,831,2089,34,74,1,34,18,8,12,6,13,34,7,0,0,0.000000,inf,inf,29,0.479551,0,0.639051,inf,0,0.001627,0.000307,0.001943,0.017240
16.618856,1786670410.179209,1769605471.257880,1769605471.257880,map_start,map,map_start,,,0.000000,0.000000,1983,0,893,2206,32,59,2,31,17,10,9,8,14,1,0,0,0,0.000000,inf,inf,22,0.477793,0,0.367538,inf,0,0.002045,0.000522,0.002578,0.018971
17.023454,1786670410.582458,1769605471.557762,1769605471.657726,map_start,map,map_start,,,0.000000,0.000000,1984,0,916,2245,37,75,2,36,16,8,10,6,15,1,0,0,0,0.000000,inf,inf,25,0.506089,0,0.358509,inf,0,0.002149,0.000345,0.002503,0.019867
17.414948,1786670410.974884,1769605471.957796,1769605471.957796,map_start,map,map_start,,,0.000000,0.000000,1964,0,942,2289,34,70,1,34,16,8,10,6,16,34,6,0,0,0.000000,inf,inf,28,0.474597,0,0.636368,inf,0,0.001434,0.000324,0.001766,0.020808
17.819823,1786670411.378269,1769605472.257710,1769605472.357723,map_start,map,map_start,,,0.000000,0.000000,1986,0,960,2317,37,76,1,37,19,15,9,10,17,37,8,0,0,0.000000,inf,inf,29,0.476385,0,0.663247,inf,0,0.001488,0.000327,0.001823,0.019600
18.228071,1786670411.780653,1769605472.657699,1769605472.757741,map_start,map,map_start,,,0.000000,0.000000,2020,0,1006,2375,49,111,1,49,20,15,8,13,18,49,10,0,0,0.000000,inf,inf,38,0.465614,0,0.679784,inf,0,0.001451,0.000362,0.001823,0.021699
18.635263,1786670412.193723,1769605473.057774,1769605473.057774,map_start,map,map_start,,,0.000000,0.000000,2063,0,1035,2457,45,108,1,45,24,27,8,17,19,45,9,0,0,0.000000,inf,inf,30,0.478709,0,0.850085,inf,0,0.002282,0.000547,0.002840,0.031077
19.032418,1786670412.588016,1769605473.357780,1769605473.457622,map_start,map,map_start,,,0.000000,0.000000,2101,0,1102,2553,43,85,2,42,23,23,10,14,20,1,0,0,0,0.000000,inf,inf,20,0.466075,0,0.623690,inf,0,0.002367,0.000493,0.002870,0.034884
19.437578,1786670412.991819,1769605473.757843,1769605473.857809,map_start,map,map_start,,,0.000000,0.000000,2193,0,1146,2641,47,111,1,47,26,36,9,18,21,47,10,0,0,0.000000,inf,inf,27,0.488012,0,0.628755,inf,0,0.002303,0.000608,0.002923,0.034884
19.837531,1786670413.395006,1769605474.157850,1769605474.157850,map_start,map,map_start,,,0.000000,0.000000,2220,0,1183,2682,43,84,2,42,26,29,11,16,22,1,0,0,0,0.000000,inf,inf,14,0.494111,0,0.631157,inf,0,0.002577,0.000617,0.003208,0.043170
20.233917,1786670413.787510,1769605474.457772,1769605474.557888,map_start,map,map_start,,,0.000000,0.000000,2311,0,1246,2786,44,102,1,44,24,34,9,16,23,44,10,0,0,0.000000,inf,inf,23,0.484385,0,0.627462,inf,0,0.001688,0.000407,0.002103,0.036339
20.639349,1786670414.199886,1769605474.857772,1769605474.857772,map_start,map,map_start,,,0.000000,0.000000,2379,0,1275,2901,44,103,1,44,26,42,8,19,24,44,9,0,0,0.000000,inf,inf,25,0.471282,0,0.640527,inf,0,0.002460,0.000641,0.003111,0.036339
21.034990,1786670414.592729,1769605475.157749,1769605475.257842,map_start,map,map_start,,,0.000000,0.000000,2404,0,1303,2987,44,101,1,44,26,39,8,19,25,44,9,0,0,0.000000,inf,inf,24,0.470157,0,0.633125,inf,0,0.001764,0.000444,0.002216,0.032465
21.428181,1786670414.985055,1769605475.457880,1769605475.557784,map_start,map,map_start,,,0.000000,0.000000,2411,0,1324,3037,44,103,1,44,28,45,8,21,26,44,9,0,0,0.000000,inf,inf,22,0.481679,0,0.648332,inf,0,0.001799,0.000433,0.002239,0.033169
21.827885,1786670415.387506,1769605475.857870,1769605475.957720,map_start,map,map_start,,,0.000000,0.000000,2479,0,1380,3133,44,98,1,44,28,44,8,21,27,44,9,0,0,0.000000,inf,inf,22,0.485339,0,0.628432,inf,0,0.001930,0.000455,0.002394,0.030525
22.234419,1786670415.790083,1769605476.257735,1769605476.357736,map_start,map,map_start,,,0.000000,0.000000,2552,0,1414,3237,45,110,1,45,28,45,8,21,28,45,9,0,0,0.000000,inf,inf,23,0.480065,0,0.631164,inf,0,0.002893,0.000748,0.003669,0.030525
22.639068,1786670416.193293,1769605476.657813,1769605476.657813,map_start,map,map_start,,,0.000000,0.000000,2472,0,1432,3281,50,126,1,50,37,63,7,31,29,50,10,0,0,0.000000,inf,inf,23,0.494027,0,0.635105,inf,0,0.002993,0.000558,0.003564,0.035660
23.030642,1786670416.586170,1769605476.957803,1769605477.057748,map_start,map,map_start,,,0.000000,0.000000,2490,0,1463,3349,49,120,1,49,41,77,7,35,30,49,11,0,0,0.000000,inf,inf,24,0.480071,0,0.599237,inf,0,0.002056,0.000470,0.002533,0.033942
23.444202,1786670416.998876,1769605477.357692,1769605477.457819,map_start,map,map_start,,,0.000000,0.000000,2489,0,1500,3405,59,166,1,59,40,77,7,34,31,59,14,0,0,0.000000,inf,inf,35,0.504378,0,0.602410,inf,0,0.002083,0.000488,0.002580,0.033942
23.855511,1786670417.412116,1769605477.757705,1769605477.757705,map_start,map,map_start,,,0.000000,0.000000,2508,0,1554,3470,62,164,1,62,40,77,7,34,32,62,11,0,0,0.000000,inf,inf,26,0.472487,0,0.656388,inf,0,0.003114,0.000791,0.003916,0.053652
24.247253,1786670417.804955,1769605478.057775,1769605478.157815,map_start,map,map_start,,,0.000000,0.000000,2494,0,1593,3550,61,163,1,61,39,74,7,33,33,61,11,0,0,0.000000,inf,inf,28,0.475546,0,0.657834,inf,0,0.002237,0.000505,0.002748,0.053652
24.654788,1786670418.207843,1769605478.357828,1769605478.457741,map_start,map,map_start,,,0.000000,0.000000,2483,0,1625,3663,66,177,1,66,40,75,7,34,34,66,12,0,0,0.000000,inf,inf,32,0.478876,0,0.658685,inf,0,0.002180,0.000500,0.002689,0.052212
25.060901,1786670418.621049,1769605478.757745,1769605478.857793,map_start,map,map_start,,,0.000000,0.000000,2519,0,1677,3783,62,151,2,61,40,77,7,34,35,1,0,0,0,0.000000,inf,inf,19,0.482756,0,0.672070,inf,0,0.002240,0.000530,0.002779,0.060735
25.459052,1786670419.014199,1769605479.157781,1769605479.157781,map_start,map,map_start,,,0.000000,0.000000,2508,0,1722,3861,62,152,1,62,42,80,6,37,36,62,11,0,0,0.000000,inf,inf,31,0.486170,0,0.667717,inf,0,0.003249,0.000800,0.004061,0.060735
25.860065,1786670419.416797,1769605479.457722,1769605479.557718,map_start,map,map_start,,,0.000000,0.000000,2599,0,1803,3996,59,135,2,58,42,78,6,37,37,1,0,0,0,0.000000,inf,inf,18,0.479538,0,0.335855,inf,0,0.003637,0.000558,0.004204,0.063262
26.263929,1786670419.819398,1769605479.857860,1769605479.957710,map_start,map,map_start,,,0.000000,0.000000,2576,0,1839,4097,62,140,2,61,42,78,8,35,38,1,0,0,0,0.000000,inf,inf,21,0.488009,0,0.337619,inf,0,0.003071,0.000567,0.003647,0.064984
26.673614,1786670420.232492,1769605480.257801,1769605480.257801,map_start,map,map_start,,,0.000000,0.000000,2667,0,1889,4211,62,141,2,61,42,79,9,30,39,1,0,0,0,0.000000,inf,inf,19,0.480358,0,0.326915,inf,0,0.002667,0.000581,0.003256,0.070990
27.067441,1786670420.625000,1769605480.557717,1769605480.657696,map_start,map,map_start,,,0.000000,0.000000,2709,0,1934,4327,59,128,2,58,41,71,9,29,40,1,0,0,0,0.000000,inf,inf,17,0.470650,0,0.326409,inf,0,0.002776,0.000588,0.003374,0.070990
27.475140,1786670421.027711,1769605480.957757,1769605480.957757,map_start,map,map_start,,,0.000000,0.000000,2670,0,1960,4419,58,125,2,57,40,71,7,34,41,1,0,0,0,0.000000,inf,inf,15,0.466942,0,0.311666,inf,0,0.004182,0.000951,0.005146,0.078599
27.885674,1786670421.440571,1769605481.257692,1769605481.357685,map_start,map,map_start,,,0.000000,0.000000,2611,0,1968,4441,64,154,2,63,40,73,7,34,42,1,0,0,0,0.000000,inf,inf,21,0.481477,0,0.306346,inf,0,0.004178,0.000903,0.005095,0.078599
28.284611,1786670421.843746,1769605481.657768,1769605481.657768,map_start,map,map_start,,,0.000000,0.000000,2634,0,1989,4505,66,151,2,65,40,69,7,34,43,1,0,0,0,0.000000,inf,inf,22,0.477863,0,0.306034,inf,0,0.003193,0.000602,0.003804,0.085266
28.682709,1786670422.236179,1769605481.957730,1769605482.057734,map_start,map,map_start,,,0.000000,0.000000,2642,0,2024,4567,66,144,2,65,39,63,7,33,44,1,0,0,0,0.000000,inf,inf,21,0.479302,0,0.303355,inf,0,0.002808,0.000609,0.003425,0.087108
29.087803,1786670422.648734,1769605482.357692,1769605482.457830,map_start,map,map_start,,,0.000000,0.000000,2556,0,2047,4623,66,139,2,65,39,60,7,33,45,1,0,0,0,0.000000,inf,inf,26,0.482871,0,0.305582,inf,0,0.002902,0.000609,0.003519,0.089320
29.498911,1786670423.051327,1769605482.757811,1769605482.757811,map_start,map,map_start,,,0.000000,0.000000,2557,0,2083,4698,68,128,2,67,39,58,7,33,46,1,0,0,0,0.000000,inf,inf,22,0.475649,0,0.299934,inf,0,0.004431,0.000962,0.005404,0.089320
29.883718,1786670423.444368,1769605483.057814,1769605483.157770,map_start,map,map_start,,,0.000000,0.000000,2526,0,2111,4747,61,107,2,60,39,58,7,33,47,1,0,0,0,0.000000,inf,inf,19,0.476830,0,0.538816,inf,0,0.002891,0.000618,0.003518,0.089850
30.300183,1786670423.857018,1769605483.457763,1769605483.457763,map_start,map,map_start,,,0.000000,0.000000,2499,0,2127,4802,68,147,1,68,42,66,7,36,48,68,7,0,0,0.000000,inf,inf,29,0.486320,0,0.562195,inf,0,0.004397,0.000626,0.005030,0.089850
30.702921,1786670424.259661,1769605483.757750,1769605483.857711,map_start,map,map_start,,,0.000000,0.000000,2526,0,2155,7328,70,159,1,70,42,63,7,36,49,70,10,0,0,0.000000,inf,inf,35,0.486009,0,0.571573,inf,0,0.003297,0.000625,0.003931,0.103384
31.109227,1786670424.662743,1769605484.157765,1769605484.257813,map_start,map,map_start,,,0.000000,0.000000,2366,0,2190,7449,69,153,1,69,44,66,7,38,50,69,11,0,0,0.000000,inf,inf,37,0.478528,0,0.576144,inf,0,0.004430,0.001007,0.005449,0.103881
31.497437,1786670425.055927,1769605484.557889,1769605484.557889,map_start,map,map_start,,,0.000000,0.000000,2435,0,2206,7629,64,125,1,64,48,74,7,42,51,64,7,0,0,0.000000,inf,inf,29,0.476921,0,0.570145,inf,0,0.003419,0.000629,0.004056,0.107116
31.900021,1786670425.459350,1769605484.857750,1769605484.957796,map_start,map,map_start,,,0.000000,0.000000,2252,0,2213,7717,64,132,1,64,48,73,7,42,52,64,9,0,0,0.000000,inf,inf,31,0.486408,0,0.575022,inf,0,0.004494,0.000945,0.005452,0.102325
32.307049,1786670425.862577,1769605485.257726,1769605485.257726,map_start,map,map_start,,,0.000000,0.000000,2257,0,2238,7781,60,117,1,60,48,72,7,42,53,60,10,0,0,0.000000,inf,inf,31,0.468416,0,0.570091,inf,0,0.004592,0.000911,0.005515,0.104273
32.691889,1786670426.245595,1769605485.457864,1769605485.657712,map_start,map,map_start,,,0.000000,0.000000,2189,0,2263,7821,62,121,1,62,49,75,7,43,54,62,10,0,0,0.000000,inf,inf,31,0.478969,0,0.582687,inf,0,0.003628,0.000636,0.004275,0.104273
33.097619,1786670426.649654,1769605485.957821,1769605485.957821,map_start,map,map_start,,,0.000000,0.000000,2188,0,2293,7878,62,126,1,62,54,83,7,48,55,62,13,0,0,0.000000,inf,inf,33,0.466009,0,0.573858,inf,0,0.004471,0.000946,0.005430,0.095234
33.500459,1786670427.052449,1769605486.257750,1769605486.357854,map_start,map,map_start,,,0.000000,0.000000,2202,0,2318,8110,65,130,1,65,54,82,7,48,56,65,12,0,0,0.000000,inf,inf,32,0.470631,0,0.579981,inf,0,0.003251,0.000640,0.003900,0.097845
33.902589,1786670427.455495,1769605486.657927,1769605486.757730,map_start,map,map_start,,,0.000000,0.000000,2188,0,2354,8201,70,140,1,70,54,80,7,48,57,70,14,0,0,0.000000,inf,inf,39,0.476731,0,0.580738,inf,0,0.004707,0.001032,0.005752,0.098805
34.315743,1786670427.869148,1769605487.057713,1769605487.057713,map_start,map,map_start,,,0.000000,0.000000,2256,0,2406,8374,71,137,1,71,56,86,7,50,58,71,16,0,0,0.000000,inf,inf,39,0.479704,0,0.576861,inf,0,0.003982,0.000672,0.004662,0.106727
34.720710,1786670428.281782,1769605487.357722,1769605487.457716,map_start,map,map_start,,,0.000000,0.000000,2272,0,2452,8494,69,140,1,69,56,83,8,49,59,69,17,0,0,0.000000,inf,inf,38,0.474225,0,0.588913,inf,0,0.004864,0.001042,0.005918,0.116086
35.112174,1786670428.664493,1769605487.757697,1769605487.757697,map_start,map,map_start,,,0.000000,0.000000,2271,0,2481,8591,69,134,1,69,56,83,8,49,60,69,15,0,0,0.000000,inf,inf,37,0.477496,0,0.581059,inf,0,0.003299,0.000677,0.003984,0.116863
35.518332,1786670429.077345,1769605488.057741,1769605488.157812,map_start,map,map_start,,,0.000000,0.000000,2255,0,2523,8696,69,137,1,69,56,82,9,48,61,69,15,0,0,0.000000,inf,inf,37,0.480112,0,0.591223,inf,0,0.004986,0.001083,0.006081,0.120496
35.916404,1786670429.470615,1769605488.457772,1769605488.557808,map_start,map,map_start,,,0.000000,0.000000,2256,0,2549,8792,68,129,1,68,56,82,9,48,62,68,11,0,0,0.000000,inf,inf,33,0.482204,0,0.594682,inf,0,0.003307,0.000690,0.004006,0.115534
36.323692,1786670429.883637,1769605488.857729,1769605488.857729,map_start,map,map_start,,,0.000000,0.000000,2267,0,2579,8880,72,142,1,72,57,89,9,49,63,72,12,0,0,0.000000,inf,inf,34,0.482204,0,0.579180,inf,0,0.004036,0.000710,0.004753,0.115534
36.717765,1786670430.276123,1769605489.157711,1769605489.257666,map_start,map,map_start,,,0.000000,0.000000,2235,0,2600,8947,72,138,1,72,57,86,10,48,64,72,12,0,0,0.000000,inf,inf,30,0.527660,0,0.583627,inf,0,0.003548,0.000720,0.004277,0.120511
37.119282,1786670430.678790,1769605489.557707,1769605489.557707,map_start,map,map_start,,,0.000000,0.000000,2212,0,2624,9028,71,145,1,71,59,96,9,51,65,71,12,0,0,0.000000,inf,inf,32,0.481883,0,0.564508,inf,0,0.003314,0.000714,0.004036,0.121204
37.520929,1786670431.081447,1769605489.857742,1769605489.957707,map_start,map,map_start,,,0.000000,0.000000,2156,0,2649,9068,69,136,1,69,60,95,9,52,66,69,12,0,0,0.000000,inf,inf,28,0.481487,0,0.567994,inf,0,0.004636,0.001039,0.005687,0.120420
37.923641,1786670431.484015,1769605490.257714,1769605490.357738,map_start,map,map_start,,,0.000000,0.000000,2210,0,2706,9178,73,144,1,73,61,96,9,53,67,73,11,0,0,0.000000,inf,inf,27,0.481487,0,0.575457,inf,0,0.003664,0.000701,0.004373,0.119276
38.316039,1786670431.876944,1769605490.557827,1769605490.657820,map_start,map,map_start,,,0.000000,0.000000,2195,0,2751,9236,72,146,1,72,61,95,9,53,68,72,12,0,0,0.000000,inf,inf,28,0.481487,0,0.553227,inf,0,0.003584,0.000736,0.004328,0.119444
38.712764,1786670432.270609,1769605490.957751,1769605490.957751,map_start,map,map_start,,,0.000000,0.000000,2201,0,2778,9288,66,123,1,66,61,90,10,52,69,66,9,0,0,0.000000,inf,inf,24,0.467976,0,0.532099,inf,0,0.004835,0.001074,0.005923,0.119444
39.105657,1786670432.663018,1769605491.257684,1769605491.357753,map_start,map,map_start,,,0.000000,0.000000,2123,0,2797,9324,67,118,2,65,61,91,11,51,70,65,2,0,0,0.000000,inf,inf,14,0.481487,0,0.349805,inf,0,0.003457,0.000726,0.004192,0.112513
39.496724,1786670433.055488,1769605491.557840,1769605491.757793,map_start,map,map_start,,,0.000000,0.000000,2132,0,2848,10361,72,128,1,72,61,90,11,51,71,72,2,0,0,0.000000,inf,inf,16,0.481487,0,0.359929,inf,0,0.004880,0.001030,0.005922,0.102798
39.894165,1786670433.448209,1769605491.957763,1769605492.057817,map_start,map,map_start,,,0.000000,0.000000,2136,0,2896,10484,65,110,2,63,56,72,14,40,72,63,2,0,0,0.000000,inf,inf,11,0.515077,0,0.340185,inf,0,0.004795,0.001110,0.005915,0.102283
40.295098,1786670433.852083,1769605492.257703,1769605492.457665,map_start,map,map_start,,,0.000000,0.000000,2139,0,2930,10584,61,98,2,56,56,71,15,39,73,5,1,0,0,0.000000,inf,inf,9,0.468119,0,0.342485,inf,0,0.003491,0.000755,0.004258,0.097207
40.685533,1786670434.244915,1769605492.657767,1769605492.757841,map_start,map,map_start,,,0.000000,0.000000,2183,0,2968,10692,60,101,2,54,56,73,14,39,74,6,1,0,0,0.000000,inf,inf,8,0.482230,0,0.323478,inf,0,0.004015,0.000777,0.004800,0.091139
41.084402,1786670434.637899,1769605493.057723,1769605493.157881,map_start,map,map_start,,,0.000000,0.000000,2207,0,3011,10772,59,101,1,59,56,72,13,41,75,59,3,0,0,0.000000,inf,inf,11,0.473520,0,0.555796,inf,0,0.004620,0.000751,0.005380,0.091139
41.485866,1786670435.041177,1769605493.457758,1769605493.457758,map_start,map,map_start,,,0.000000,0.000000,2348,0,3054,11256,58,95,2,52,56,72,14,39,76,52,3,0,0,0.000000,inf,inf,9,0.496226,0,0.537005,inf,0,0.003412,0.000784,0.004204,0.087580
41.888417,1786670435.445651,1769605493.757777,1769605493.857867,map_start,map,map_start,,,0.000000,0.000000,2338,0,3090,11308,61,94,2,55,55,67,14,39,77,55,5,0,0,0.000000,inf,inf,12,0.511053,0,0.531765,inf,0,0.004695,0.001150,0.005856,0.093693
42.288545,1786670435.848608,1769605494.157702,1769605494.157702,map_start,map,map_start,,,0.000000,0.000000,2297,0,3096,11348,63,102,2,58,55,68,13,41,78,58,5,0,0,0.000000,inf,inf,14,0.506336,0,0.506336,inf,0,0.004313,0.000822,0.005147,0.090613
42.688557,1786670436.242177,1769605494.457716,1769605494.557809,map_start,map,map_start,,,0.000000,0.000000,2283,0,3116,11400,60,93,2,55,55,67,14,39,79,55,6,0,0,0.000000,inf,inf,14,0.488419,0,0.487828,inf,0,0.005145,0.001207,0.006365,0.087213
43.083208,1786670436.635497,1769605494.857645,1769605494.957916,map_start,map,map_start,,,0.000000,0.000000,2279,0,3128,11464,65,104,1,65,55,67,14,39,80,65,5,0,0,0.000000,inf,inf,11,0.476525,0,0.486774,inf,0,0.003980,0.000810,0.004799,0.087213
43.485101,1786670437.038186,1769605495.157788,1769605495.257755,map_start,map,map_start,,,0.000000,0.000000,2222,0,3138,11508,66,99,1,66,57,68,13,44,81,66,3,0,0,0.000000,inf,inf,11,0.481469,0,0.455059,inf,0,0.005053,0.001258,0.006324,0.087974
43.885918,1786670437.441384,1769605495.557817,1769605495.657726,map_start,map,map_start,,,0.000000,0.000000,2116,0,3155,11520,65,95,2,61,57,69,12,45,82,61,5,0,0,0.000000,inf,inf,12,0.485718,0,0.443418,inf,0,0.003440,0.000869,0.004318,0.085691
44.282139,1786670437.834241,1769605495.957896,1769605495.957896,map_start,map,map_start,,,0.000000,0.000000,2102,0,3170,11560,63,87,2,59,57,66,14,41,83,59,1,0,0,0.000000,inf,inf,8,0.502049,0,0.389872,inf,0,0.004398,0.000744,0.005150,0.088179
44.677788,1786670438.237229,1769605496.257860,1769605496.357758,map_start,map,map_start,,,0.000000,0.000000,2072,0,3187,11588,62,92,2,58,57,72,13,42,84,58,3,0,0,0.000000,inf,inf,8,0.499576,0,0.604785,inf,0,0.004759,0.000767,0.005536,0.088179
45.088984,1786670438.640315,1769605496.657741,1769605496.657741,map_start,map,map_start,,,0.000000,0.000000,1988,0,3202,11949,69,109,1,69,57,73,13,42,85,69,4,0,0,0.000000,inf,inf,12,0.511383,0,0.519821,inf,0,0.004819,0.001122,0.005949,0.081606
45.494696,1786670439.053557,1769605496.857750,1769605497.057921,map_start,map,map_start,,,0.000000,0.000000,1969,0,3205,11989,73,122,2,68,58,75,12,46,86,68,3,0,0,0.000000,inf,inf,15,0.495000,0,0.449977,inf,0,0.005058,0.001174,0.006243,0.089543
45.881516,1786670439.437094,1769605497.357780,1769605497.457719,map_start,map,map_start,,,0.000000,0.000000,1928,0,3209,11997,71,116,2,66,58,74,12,46,87,66,4,0,0,0.000000,inf,inf,15,0.507155,0,0.632142,inf,0,0.005034,0.001144,0.006188,0.084080
46.305345,1786670439.860012,1769605497.757814,1769605497.757814,map_start,map,map_start,,,0.000000,0.000000,1930,0,3236,12015,78,147,2,73,61,79,12,49,88,73,9,0,0,0.000000,inf,inf,22,0.491464,0,0.584125,inf,0,0.003702,0.000770,0.004481,0.084080
46.710550,1786670440.263092,1769605498.058005,1769605498.157751,map_start,map,map_start,,,0.000000,0.000000,1862,0,3268,12038,76,141,2,71,62,80,13,49,89,71,9,0,0,0.000000,inf,inf,22,0.477104,0,0.438081,inf,0,0.004894,0.001108,0.006016,0.105127
47.116399,1786670440.677397,1769605498.457874,1769605498.557814,map_start,map,map_start,,,0.000000,0.000000,1792,0,3284,12045,81,147,2,76,62,78,13,49,90,76,10,0,0,0.000000,inf,inf,19,0.466398,0,0.562534,inf,0,0.004801,0.000789,0.005599,0.107543
47.511054,1786670441.071493,1769605498.857830,1769605498.857830,map_start,map,map_start,,,0.000000,0.000000,1786,0,3309,12107,75,132,2,71,62,78,13,49,91,71,8,0,0,0.000000,inf,inf,17,0.475681,0,0.456881,inf,0,0.004710,0.000764,0.005484,0.119449
47.918586,1786670441.474144,1769605499.157753,1769605499.257765,map_start,map,map_start,,,0.000000,0.000000,1722,0,3333,12162,76,128,2,73,65,84,12,53,92,73,5,0,0,0.000000,inf,inf,14,0.475366,0,0.478338,inf,0,0.003953,0.000788,0.004751,0.109944
48.305598,1786670441.857003,1769605499.557802,1769605499.557802,map_start,map,map_start,,,0.000000,0.000000,1691,0,3347,12207,77,127,2,73,65,83,13,52,93,73,7,0,0,0.000000,inf,inf,16,0.466109,0,0.476300,inf,0,0.004986,0.000775,0.005770,0.115181
48.705593,1786670442.260746,1769605499.857714,1769605499.957681,map_start,map,map_start,,,0.000000,0.000000,1678,0,3361,12228,74,129,2,70,65,86,12,53,94,70,8,0,0,0.000000,inf,inf,20,0.486578,0,0.681564,inf,0,0.003853,0.000770,0.004631,0.108881
49.111110,1786670442.663345,1769605500.257697,1769605500.257697,map_start,map,map_start,,,0.000000,0.000000,1670,0,3385,12257,78,143,2,75,65,86,12,53,95,75,8,0,0,0.000000,inf,inf,23,0.482396,0,0.653190,inf,0,0.003920,0.000777,0.004707,0.107811
49.509081,1786670443.067211,1769605500.557714,1769605500.657831,map_start,map,map_start,,,0.000000,0.000000,1647,0,3395,12290,82,155,2,79,65,83,13,52,96,79,5,0,0,0.000000,inf,inf,21,0.475573,0,0.554926,inf,0,0.003898,0.000782,0.004687,0.107811
49.924478,1786670443.480347,1769605500.957889,1769605501.057635,map_start,map,map_start,,,0.000000,0.000000,1616,0,3414,12312,90,201,2,87,65,84,13,52,97,87,12,0,0,0.000000,inf,inf,36,0.469794,0,0.552605,inf,0,0.005496,0.001173,0.006682,0.124119
50.320393,1786670443.873085,1769605501.357745,1769605501.357745,map_start,map,map_start,,,0.000000,0.000000,1598,0,3468,12383,86,158,2,83,65,83,12,53,98,83,2,0,0,0.000000,inf,inf,22,0.510738,0,0.308816,inf,0,0.004732,0.000778,0.005517,0.124119
50.716991,1786670444.276292,1769605501.657723,1769605501.757707,map_start,map,map_start,,,0.000000,0.000000,1362,0,3535,12559,83,145,2,80,65,85,12,53,99,80,6,0,0,0.000000,inf,inf,23,0.474706,0,0.485166,inf,0,0.003998,0.000836,0.004842,0.117689
51.129900,1786670444.688961,1769605502.057740,1769605502.157821,map_start,map,map_start,,,0.000000,0.000000,1346,0,3592,12635,91,181,1,91,65,89,11,55,100,91,8,0,0,0.000000,inf,inf,26,0.478861,0,0.389641,inf,0,0.005640,0.000803,0.006449,0.120671
51.531459,1786670445.092281,1769605502.357711,1769605502.457743,map_start,map,map_start,,,0.000000,0.000000,1570,0,3638,12822,88,159,3,84,63,84,12,51,101,1,0,0,0,0.000000,inf,inf,17,0.510101,0,0.330798,inf,0,0.005126,0.000821,0.005956,0.130190
51.916622,1786670445.476096,1769605502.757712,1769605502.857950,map_start,map,map_start,,,0.000000,0.000000,1532,0,3727,12869,90,163,3,86,63,82,12,51,102,1,0,0,0,0.000000,inf,inf,19,0.510101,0,0.366071,inf,0,0.004696,0.000848,0.005554,0.130190
52.320611,1786670445.878713,1769605503.057836,1769605503.157823,map_start,map,map_start,,,0.000000,0.000000,1466,0,3773,12920,86,153,2,83,71,95,12,59,103,83,5,0,0,0.000000,inf,inf,23,0.465413,0,0.361498,inf,0,0.006214,0.001255,0.007482,0.122406
52.729997,1786670446.282107,1769605503.457798,1769605503.557725,map_start,map,map_start,,,0.000000,0.000000,1399,0,3797,12969,96,175,2,93,73,99,12,61,104,93,1,0,0,0.000000,inf,inf,24,0.461345,0,0.366838,inf,0,0.004398,0.000858,0.005264,0.127386
53.121807,1786670446.675221,1769605503.857665,1769605503.857665,map_start,map,map_start,,,0.000000,0.000000,1417,0,3833,13028,95,175,2,93,73,98,13,61,105,93,1,0,0,0.000000,inf,inf,25,0.466234,0,0.425894,inf,0,0.004921,0.000884,0.005814,0.127386
53.524891,1786670447.078911,1769605504.157561,1769605504.257913,map_start,map,map_start,,,0.000000,0.000000,1399,0,3866,13062,93,170,2,91,73,98,13,61,106,91,6,0,0,0.000000,inf,inf,24,0.466234,0,0.392668,inf,0,0.006347,0.000994,0.007357,0.126470
53.921334,1786670447.481865,1769605504.557768,1769605504.557768,map_start,map,map_start,,,0.000000,0.000000,1113,0,3909,13335,91,164,2,89,73,98,13,61,107,89,1,0,0,0.000000,inf,inf,20,0.466234,0,0.374881,inf,0,0.004559,0.000914,0.005481,0.120287
54.316589,1786670447.875338,1769605504.857745,1769605504.957775,map_start,map,map_start,,,0.000000,0.000000,1384,0,3931,13425,92,170,2,90,73,98,13,61,108,90,11,0,0,0.000000,inf,inf,31,0.460893,0,0.460334,inf,0,0.005374,0.000879,0.006264,0.120287
54.722124,1786670448.278463,1769605505.257812,1769605505.357723,map_start,map,map_start,,,0.000000,0.000000,1382,0,3967,13484,93,172,2,91,73,99,13,61,109,91,11,0,0,0.000000,inf,inf,31,0.466234,0,0.581143,inf,0,0.004825,0.000890,0.005724,0.122208
55.129203,1786670448.681283,1769605505.657798,1769605505.657798,map_start,map,map_start,,,0.000000,0.000000,1377,0,3999,13526,92,172,2,90,73,99,13,61,110,90,11,0,0,0.000000,inf,inf,29,0.490060,0,0.662463,inf,0,0.004572,0.000922,0.005501,0.123777
55.536062,1786670449.094712,1769605505.957715,1769605506.057823,map_start,map,map_start,,,0.000000,0.000000,1358,0,4014,13558,102,220,1,102,83,124,12,72,111,102,18,0,0,0.000000,inf,inf,40,0.469520,0,0.938041,inf,0,0.004576,0.000899,0.005483,0.128422
55.943721,1786670449.497827,1769605506.357789,1769605506.457700,map_start,map,map_start,,,0.000000,0.000000,1363,0,4057,13609,104,220,1,104,83,124,12,72,112,104,18,0,0,0.000000,inf,inf,41,0.476426,0,0.585717,inf,0,0.004669,0.000905,0.005585,0.145576
56.340020,1786670449.900262,1769605506.657721,1769605506.757703,map_start,map,map_start,,,0.000000,0.000000,1291,0,4077,13625,103,216,1,103,82,119,12,71,113,103,12,0,0,0.000000,inf,inf,33,0.461124,0,0.617006,inf,0,0.004633,0.000912,0.005555,0.145576
56.747814,1786670450.304595,1769605507.057894,1769605507.157859,map_start,map,map_start,,,0.000000,0.000000,1365,0,4109,13719,109,235,1,109,85,122,13,73,114,109,8,0,0,0.000000,inf,inf,35,0.474191,0,0.892645,inf,0,0.004645,0.000959,0.005612,0.143297
57.145437,1786670450.697578,1769605507.457707,1769605507.457707,map_start,map,map_start,,,0.000000,0.000000,1344,0,4137,13793,110,245,1,110,89,131,13,77,115,110,11,0,0,0.000000,inf,inf,39,0.474727,0,0.926343,inf,0,0.004827,0.000914,0.005750,0.143297
57.551861,1786670451.110982,1769605507.657883,1769605507.857690,map_start,map,map_start,,,0.000000,0.000000,1287,0,4164,13861,112,225,2,111,89,131,12,78,116,1,0,0,0,0.000000,inf,inf,25,0.499743,0,0.688006,inf,0,0.004863,0.000906,0.005777,0.148412
57.959891,1786670451.513505,1769605508.157829,1769605508.157829,map_start,map,map_start,,,0.000000,0.000000,1266,0,4193,13920,111,243,1,111,92,136,14,79,117,111,11,0,0,0.000000,inf,inf,35,0.469434,0,0.637187,inf,0,0.006817,0.001351,0.008191,0.151414
58.351012,1786670451.906099,1769605508.457816,1769605508.557716,map_start,map,map_start,,,0.000000,0.000000,1327,0,4227,14025,112,234,2,111,92,130,18,75,118,1,0,0,0,0.000000,inf,inf,23,0.501857,0,0.546381,inf,0,0.004888,0.000953,0.005851,0.156968
58.758329,1786670452.310174,1769605508.857680,1769605508.957728,map_start,map,map_start,,,0.000000,0.000000,1370,0,4279,14171,116,248,1,116,93,133,15,79,119,116,12,0,0,0.000000,inf,inf,32,0.495263,0,0.748624,inf,0,0.006658,0.001373,0.008044,0.155213
59.164806,1786670452.724144,1769605509.257703,1769605509.257703,map_start,map,map_start,,,0.000000,0.000000,1320,0,4332,14247,119,260,1,119,95,144,13,83,120,119,12,0,0,0.000000,inf,inf,37,0.483786,0,0.980452,inf,0,0.006677,0.000922,0.007609,0.159884
59.564521,1786670453.116616,1769605509.557772,1769605509.657708,map_start,map,map_start,,,0.000000,0.000000,1381,0,4381,14327,125,273,1,125,96,144,13,84,121,125,11,0,0,0.000000,inf,inf,40,0.465127,0,0.938166,inf,0,0.005558,0.001024,0.006597,0.161967
59.969935,1786670453.529153,1769605509.957908,1769605509.957908,map_start,map,map_start,,,0.000000,0.000000,1340,0,4398,14372,126,271,1,126,96,145,13,84,122,126,10,0,0,0.000000,inf,inf,39,0.479280,0,0.864170,inf,0,0.005031,0.000972,0.006013,0.168235
60.371451,1786670453.932048,1769605510.257720,1769605510.357758,map_start,map,map_start,,,0.000000,0.000000,1306,0,4420,14430,123,266,1,123,100,153,13,88,123,123,15,0,0,0.000000,inf,inf,43,0.458744,0,0.789973,inf,0,0.005115,0.000945,0.006070,0.170901
60.772180,1786670454.325794,1769605510.657885,1769605510.757802,map_start,map,map_start,,,0.000000,0.000000,1288,0,4466,14517,121,261,1,121,100,151,14,87,124,121,12,0,0,0.000000,inf,inf,33,0.463712,0,0.727692,inf,0,0.007363,0.000981,0.008353,0.170316
61.171894,1786670454.729226,1769605510.957763,1769605511.057884,map_start,map,map_start,,,0.000000,0.000000,1295,0,4509,14595,119,250,1,119,100,152,13,88,125,119,11,0,0,0.000000,inf,inf,36,0.462078,0,0.652079,inf,0,0.007108,0.000995,0.008114,0.173269
61.579393,1786670455.132516,1769605511.357732,1769605511.457835,map_start,map,map_start,,,0.000000,0.000000,1337,0,4556,14695,119,254,1,119,104,174,13,92,126,119,10,0,0,0.000000,inf,inf,32,0.492381,0,0.601386,inf,0,0.005267,0.000988,0.006265,0.173269
61.966032,1786670455.525166,1769605511.757878,1769605511.757878,map_start,map,map_start,,,0.000000,0.000000,1236,0,4565,14711,120,251,1,120,106,181,13,94,127,120,9,0,0,0.000000,inf,inf,33,0.542878,0,0.564883,inf,0,0.005785,0.000971,0.006765,0.176995
62.367394,1786670455.918641,1769605512.057887,1769605512.157826,map_start,map,map_start,,,0.000000,0.000000,1283,0,4584,14735,121,249,2,119,107,184,13,95,128,119,8,0,0,0.000000,inf,inf,31,0.501588,0,0.542756,inf,0,0.006120,0.001028,0.007161,0.170423
62.770094,1786670456.321761,1769605512.457881,1769605512.457881,map_start,map,map_start,,,0.000000,0.000000,1217,0,4591,14751,121,251,1,121,109,183,13,97,129,121,7,0,0,0.000000,inf,inf,31,0.493204,0,0.396831,inf,0,0.006180,0.000961,0.007152,0.169680
63.163745,1786670456.724411,1769605512.757771,1769605512.857788,map_start,map,map_start,,,0.000000,0.000000,991,0,4693,15661,121,231,2,119,108,173,14,95,130,119,2,0,0,0.000000,inf,inf,23,0.520820,0,0.365151,inf,0,0.005376,0.001011,0.006397,0.160508
63.561426,1786670457.118312,1769605513.157681,1769605513.257771,map_start,map,map_start,,,0.000000,0.000000,1035,0,4728,15741,123,236,2,121,108,172,14,95,131,121,2,0,0,0.000000,inf,inf,23,0.497952,0,0.356220,inf,0,0.005512,0.001001,0.006523,0.160508
63.965481,1786670457.520927,1769605513.357722,1769605513.558049,map_start,map,map_start,,,0.000000,0.000000,1112,0,4780,15869,122,240,1,122,111,183,14,98,132,122,1,0,0,0.000000,inf,inf,22,0.489604,0,0.309241,inf,0,0.005537,0.001050,0.006596,0.163953
64.370867,1786670457.924388,1769605513.857721,1769605513.957836,map_start,map,map_start,,,0.000000,0.000000,1093,0,4803,15917,123,232,2,118,111,182,14,98,133,118,1,0,0,0.000000,inf,inf,21,0.482851,0,0.301440,inf,0,0.005369,0.001057,0.006436,0.165720
64.764015,1786670458.316795,1769605514.257831,1769605514.257831,map_start,map,map_start,,,0.000000,0.000000,1105,0,4827,15941,121,236,2,120,111,183,13,99,134,1,0,0,0,0.000000,inf,inf,22,0.685120,0,0.264047,inf,0,0.005545,0.001034,0.006587,0.167693
65.156877,1786670458.709653,1769605514.557772,1769605514.657821,map_start,map,map_start,,,0.000000,0.000000,1131,0,4861,16005,122,240,2,121,111,184,13,99,135,1,0,0,0,0.000000,inf,inf,19,0.480936,0,0.280435,inf,0,0.007207,0.001228,0.008447,0.168282
65.568542,1786670459.123430,1769605514.957720,1769605514.957720,map_start,map,map_start,,,0.000000,0.000000,1119,0,4881,16041,126,253,1,126,111,184,13,99,136,126,3,0,0,0.000000,inf,inf,24,0.493895,0,0.405774,inf,0,0.005460,0.001081,0.006552,0.158327
65.968893,1786670459.527057,1769605515.357776,1769605515.357776,map_start,map,map_start,,,0.000000,0.000000,1128,0,4911,16074,128,250,1,128,112,183,13,100,137,128,1,0,0,0.000000,inf,inf,20,0.468191,0,0.333265,inf,0,0.007696,0.001594,0.009299,0.166459
66.362134,1786670459.919539,1769605515.657808,1769605515.757948,map_start,map,map_start,,,0.000000,0.000000,1163,0,4936,16126,133,258,2,131,112,183,13,100,138,131,2,0,0,0.000000,inf,inf,25,0.506259,0,0.452155,inf,0,0.005376,0.001072,0.006457,0.172357
66.771166,1786670460.323449,1769605516.057900,1769605516.057900,map_start,map,map_start,,,0.000000,0.000000,1237,0,4974,16438,132,256,3,129,112,183,13,100,139,1,0,0,0,0.000000,inf,inf,18,0.683818,0,0.349009,inf,0,0.005366,0.001081,0.006456,0.163152
67.163931,1786670460.716743,1769605516.357710,1769605516.457698,map_start,map,map_start,,,0.000000,0.000000,1245,0,4987,16478,133,262,1,133,112,179,14,97,140,133,2,0,0,0.000000,inf,inf,21,0.478926,0,0.530027,inf,0,0.005178,0.001092,0.006280,0.169373
67.568788,1786670461.120209,1769605516.757798,1769605516.857873,map_start,map,map_start,,,0.000000,0.000000,1219,0,4997,16504,134,271,1,134,112,180,13,100,141,134,7,0,0,0.000000,inf,inf,24,0.480009,0,0.431078,inf,0,0.007351,0.001554,0.008917,0.167439
67.980041,1786670461.532795,1769605517.057763,1769605517.157694,map_start,map,map_start,,,0.000000,0.000000,1307,0,5026,16553,140,287,1,140,112,177,13,100,142,140,3,0,0,0.000000,inf,inf,25,0.547915,0,0.528074,inf,0,0.007573,0.001090,0.008673,0.168716
68.364681,1786670461.925332,1769605517.457896,1769605517.557786,map_start,map,map_start,,,0.000000,0.000000,1130,0,5035,16687,138,293,1,138,112,164,18,93,143,138,11,0,0,0.000000,inf,inf,34,0.470769,0,0.783730,inf,0,0.005941,0.001086,0.007036,0.178593
68.763724,1786670462.318002,1769605517.857792,1769605517.857792,map_start,map,map_start,,,0.000000,0.000000,1219,0,5056,16745,137,289,1,137,112,167,16,97,144,137,11,0,0,0.000000,inf,inf,31,0.500456,0,0.678404,inf,0,0.005388,0.001101,0.006499,0.169658
69.179040,1786670462.730696,1769605518.157702,1769605518.257747,map_start,map,map_start,,,0.000000,0.000000,1188,0,5077,16813,140,293,2,137,109,162,16,94,145,137,12,0,0,0.000000,inf,inf,33,0.514677,0,0.556774,inf,0,0.005517,0.001098,0.006623,0.165575
69.594151,1786670463.154938,1769605518.557756,1769605518.658003,map_start,map,map_start,,,0.000000,0.000000,1147,0,5110,16854,142,318,1,142,109,163,15,95,146,142,15,0,0,0.000000,inf,inf,40,0.476480,0,0.608675,inf,0,0.007011,0.001124,0.008145,0.178787
69.986424,1786670463.537850,1769605518.857892,1769605518.957757,map_start,map,map_start,,,0.000000,0.000000,1159,0,5121,16885,144,309,2,141,109,165,15,95,147,141,9,0,0,0.000000,inf,inf,37,0.485256,0,0.444372,inf,0,0.005466,0.001110,0.006584,0.189742
70.388979,1786670463.940899,1769605519.257727,1769605519.357882,map_start,map,map_start,,,0.000000,0.000000,1158,0,5136,16985,138,274,2,135,109,162,15,95,148,135,7,0,0,0.000000,inf,inf,27,0.466628,0,0.519848,inf,0,0.005665,0.001173,0.006851,0.188511
70.792276,1786670464.344601,1769605519.657787,1769605519.657787,map_start,map,map_start,,,0.000000,0.000000,1112,0,5154,17024,141,284,2,137,109,162,15,95,149,137,6,0,0,0.000000,inf,inf,28,0.483172,0,0.460981,inf,0,0.005558,0.001135,0.006701,0.188511
71.189105,1786670464.747436,1769605519.957750,1769605520.057745,map_start,map,map_start,,,0.000000,0.000000,1107,0,5185,17111,139,278,2,137,108,156,15,94,150,137,10,0,0,0.000000,inf,inf,28,0.465267,0,0.692074,inf,0,0.005606,0.001088,0.006703,0.188672
71.591748,1786670465.150975,1769605520.357724,1769605520.457772,map_start,map,map_start,,,0.000000,0.000000,1046,0,5203,17147,141,295,2,139,108,157,15,94,151,139,11,0,0,0.000000,inf,inf,33,0.479550,0,0.483321,inf,0,0.007942,0.001498,0.009454,0.192187
71.993335,1786670465.544753,1769605520.757725,1769605520.757725,map_start,map,map_start,,,0.000000,0.000000,1028,0,5222,17185,143,288,2,138,108,157,15,94,152,138,6,0,0,0.000000,inf,inf,26,0.474829,0,0.512379,inf,0,0.007733,0.001759,0.009509,0.192007
72.382281,1786670465.937804,1769605521.057761,1769605521.157737,map_start,map,map_start,,,0.000000,0.000000,962,0,5235,17209,145,291,2,140,108,156,15,94,153,140,5,0,0,0.000000,inf,inf,24,0.475225,0,0.443335,inf,0,0.005403,0.001115,0.006528,0.190119
72.790131,1786670466.341458,1769605521.457760,1769605521.457760,map_start,map,map_start,,,0.000000,0.000000,833,0,5250,17291,149,307,1,149,108,152,16,93,154,149,10,0,0,0.000000,inf,inf,33,0.468281,0,0.590450,inf,0,0.005305,0.001097,0.006411,0.185845
73.192030,1786670466.744371,1769605521.757811,1769605521.857782,map_start,map,map_start,,,0.000000,0.000000,804,0,5260,17312,150,301,1,150,108,155,15,94,155,150,10,0,0,0.000000,inf,inf,31,0.496718,0,0.627108,inf,0,0.005909,0.001082,0.007000,0.188851
73.579807,1786670467.138234,1769605522.157823,1769605522.157823,map_start,map,map_start,,,0.000000,0.000000,889,0,5262,17389,148,301,1,148,107,151,15,93,156,148,8,0,0,0.000000,inf,inf,28,0.474713,0,0.620638,inf,0,0.005396,0.001054,0.006460,0.187905
74.008277,1786670467.561984,1769605522.557938,1769605522.557938,map_start,map,map_start,,,0.000000,0.000000,911,0,5279,17418,150,332,1,150,107,152,15,93,157,150,10,0,0,0.000000,inf,inf,28,0.475527,0,0.565316,inf,0,0.007970,0.001635,0.009618,0.183002
74.424278,1786670467.984592,1769605522.857822,1769605522.957712,map_start,map,map_start,,,0.000000,0.000000,903,0,5299,17478,155,342,1,155,107,152,15,93,158,155,11,0,0,0.000000,inf,inf,32,0.488287,0,0.749198,inf,0,0.006882,0.001085,0.007976,0.206861
74.834636,1786670468.387373,1769605523.157817,1769605523.257860,map_start,map,map_start,,,0.000000,0.000000,875,0,5307,17502,160,376,1,160,107,152,15,93,159,160,13,0,0,0.000000,inf,inf,37,0.484132,0,0.784343,inf,0,0.005397,0.001096,0.006501,0.219819
75.276899,1786670468.831229,1769605523.657771,1769605523.657771,map_start,map,map_start,,,0.000000,0.000000,885,0,5324,17538,167,428,1,167,131,202,15,117,160,167,23,0,0,0.000000,inf,inf,50,0.496536,0,0.899050,inf,0,0.007320,0.001109,0.008438,0.237860
75.659300,1786670469.214358,1769605523.957741,1769605524.057674,map_start,map,map_start,,,0.000000,0.000000,891,0,5340,17562,167,424,1,167,133,211,15,119,161,167,15,0,0,0.000000,inf,inf,49,0.489713,0,1.175618,inf,0,0.005560,0.001125,0.006694,0.277253
76.078295,1786670469.638000,1769605524.357810,1769605524.357810,map_start,map,map_start,,,0.000000,0.000000,851,0,5346,17570,173,476,1,173,133,213,15,119,162,173,30,0,0,0.000000,inf,inf,64,0.477754,0,1.437593,inf,0,0.005606,0.001112,0.006729,0.254355
76.481763,1786670470.041144,1769605524.657940,1769605524.757941,map_start,map,map_start,,,0.000000,0.000000,852,0,5370,17602,173,461,1,173,133,211,15,119,163,173,32,0,0,0.000000,inf,inf,71,0.481617,0,1.835863,inf,0,0.007258,0.001101,0.008367,0.279293
76.881348,1786670470.433591,1769605525.057892,1769605525.157826,map_start,map,map_start,,,0.000000,0.000000,817,0,5384,17629,172,453,1,172,135,218,15,121,164,172,29,0,0,0.000000,inf,inf,64,0.479791,0,1.870767,inf,0,0.005608,0.001117,0.006734,0.276729
77.273206,1786670470.826907,1769605525.357763,1769605525.457696,map_start,map,map_start,,,0.000000,0.000000,833,0,5408,17681,164,407,1,164,135,208,17,119,165,164,26,0,0,0.000000,inf,inf,55,0.478958,0,1.686743,inf,0,0.005783,0.001103,0.006898,0.276729
77.670678,1786670471.229777,1769605525.757843,1769605525.857754,map_start,map,map_start,,,0.000000,0.000000,837,0,5446,17719,167,418,1,167,138,213,18,121,166,167,26,0,0,0.000000,inf,inf,55,0.485200,0,1.495104,inf,0,0.005771,0.001126,0.006907,0.277537
78.088413,1786670471.642816,1769605526.157991,1769605526.157991,map_start,map,map_start,,,0.000000,0.000000,838,0,5462,17740,163,389,1,163,139,217,18,122,167,163,14,0,0,0.000000,inf,inf,40,0.472041,0,1.428717,inf,0,0.005880,0.001104,0.006993,0.270159
78.488695,1786670472.045863,1769605526.457738,1769605526.557764,map_start,map,map_start,,,0.000000,0.000000,853,0,5488,17791,172,421,1,172,139,218,18,122,168,172,14,0,0,0.000000,inf,inf,47,0.491940,0,1.473360,inf,0,0.006438,0.001126,0.007573,0.284436
78.887635,1786670472.448678,1769605526.857772,1769605526.957805,map_start,map,map_start,,,0.000000,0.000000,817,0,5498,17832,172,395,1,172,141,224,18,124,169,172,17,0,0,0.000000,inf,inf,49,0.470086,0,1.600848,inf,0,0.007035,0.001119,0.008165,0.284436
79.294086,1786670472.851893,1769605527.157792,1769605527.257869,map_start,map,map_start,,,0.000000,0.000000,862,0,5535,17900,171,392,1,171,141,222,18,124,170,171,11,0,0,0.000000,inf,inf,39,0.476506,0,1.205161,inf,0,0.006133,0.001162,0.007305,0.289802
79.708893,1786670473.264773,1769605527.557845,1769605527.657699,map_start,map,map_start,,,0.000000,0.000000,858,0,5552,17951,175,408,1,175,141,225,17,125,171,175,12,0,0,0.000000,inf,inf,47,0.464315,0,0.926481,inf,0,0.008595,0.001651,0.010259,0.293600
80.094711,1786670473.647254,1769605527.957840,1769605527.957840,map_start,map,map_start,,,0.000000,0.000000,847,0,5566,17967,170,386,1,170,142,227,18,125,172,170,9,0,0,0.000000,inf,inf,39,0.475376,0,1.239690,inf,0,0.006230,0.001158,0.007398,0.305328
80.499772,1786670474.059948,1769605528.257758,1769605528.357811,map_start,map,map_start,,,0.000000,0.000000,797,0,5572,17987,170,379,1,170,143,223,20,124,173,170,11,0,0,0.000000,inf,inf,40,0.496370,0,1.275199,inf,0,0.006269,0.001140,0.007418,0.300488
80.897601,1786670474.452494,1769605528.557729,1769605528.657841,map_start,map,map_start,,,0.000000,0.000000,794,0,5591,18015,166,357,1,166,145,229,20,126,174,166,12,0,0,0.000000,inf,inf,40,0.471759,0,1.313603,inf,0,0.006158,0.001142,0.007310,0.300488
81.294352,1786670474.855129,1769605528.957741,1769605529.057880,map_start,map,map_start,,,0.000000,0.000000,830,0,5632,18083,163,364,1,163,146,225,21,126,175,163,25,0,0,0.000000,inf,inf,51,0.469341,0,1.006839,inf,0,0.006207,0.001148,0.007363,0.296741
81.699306,1786670475.258126,1769605529.357755,1769605529.457794,map_start,map,map_start,,,0.000000,0.000000,801,0,5640,18091,170,374,2,168,145,219,20,126,176,168,25,0,0,0.000000,inf,inf,56,0.476941,0,1.045408,inf,0,0.006346,0.001175,0.007529,0.289117
82.111673,1786670475.671565,1769605529.657809,1769605529.757716,map_start,map,map_start,,,0.000000,0.000000,870,0,5677,18191,164,352,1,164,142,211,21,122,177,164,13,0,0,0.000000,inf,inf,56,0.476941,0,1.082657,inf,0,0.006589,0.001166,0.007768,0.312309
82.498075,1786670476.054278,1769605530.057693,1769605530.157917,map_start,map,map_start,,,0.000000,0.000000,868,0,5708,18244,165,374,1,165,143,218,21,123,178,165,25,0,0,0.000000,inf,inf,47,0.476494,0,1.118363,inf,0,0.006452,0.001174,0.007634,0.312309
82.906890,1786670476.466931,1769605530.457724,1769605530.557750,map_start,map,map_start,,,0.000000,0.000000,877,0,5726,18300,171,364,1,171,142,212,22,121,179,171,13,0,0,0.000000,inf,inf,41,0.492330,0,1.161029,inf,0,0.006149,0.001202,0.007361,0.294728
83.302937,1786670476.860050,1769605530.757795,1769605530.857754,map_start,map,map_start,,,0.000000,0.000000,937,0,5767,18400,170,372,1,170,144,214,22,123,180,170,24,0,0,0.000000,inf,inf,47,0.482260,0,1.206239,inf,0,0.006131,0.001326,0.007467,0.311777
83.699057,1786670477.252498,1769605531.157834,1769605531.257751,map_start,map,map_start,,,0.000000,0.000000,862,0,5766,18436,166,330,1,166,145,209,24,122,181,166,10,0,0,0.000000,inf,inf,26,0.502401,0,1.417238,inf,0,0.007990,0.001219,0.009219,0.303368
84.093793,1786670477.645678,1769605531.457827,1769605531.557777,map_start,map,map_start,,,0.000000,0.000000,888,0,5795,18492,170,337,1,170,147,217,24,124,182,170,11,0,0,0.000000,inf,inf,33,0.496443,0,1.628136,inf,0,0.007637,0.001213,0.008860,0.297218
84.495173,1786670478.048165,1769605531.857719,1769605531.957902,map_start,map,map_start,,,0.000000,0.000000,828,0,5803,18508,167,343,1,167,148,225,24,125,183,167,11,0,0,0.000000,inf,inf,29,0.542606,0,1.405954,inf,0,0.006172,0.001280,0.007462,0.290129
84.903132,1786670478.460811,1769605532.257832,1769605532.257832,map_start,map,map_start,,,0.000000,0.000000,927,0,5843,18572,169,341,1,169,151,232,23,129,184,169,10,0,0,0.000000,inf,inf,25,0.551575,0,1.351693,inf,0,0.006216,0.001220,0.007444,0.297424
85.300188,1786670478.853191,1769605532.557744,1769605532.657701,map_start,map,map_start,,,0.000000,0.000000,813,0,5848,18584,176,374,1,176,150,232,23,128,185,176,15,0,0,0.000000,inf,inf,37,0.512336,0,1.418143,inf,0,0.007314,0.001202,0.008527,0.303397
85.724907,1786670479.278371,1769605532.957814,1769605532.957814,map_start,map,map_start,,,0.000000,0.000000,798,0,5862,18616,176,370,1,176,155,241,23,133,186,176,13,0,0,0.000000,inf,inf,37,0.516946,0,1.555686,inf,0,0.006079,0.001212,0.007302,0.330487
86.140249,1786670479.701205,1769605533.357759,1769605533.357759,map_start,map,map_start,,,0.000000,0.000000,910,0,5889,18689,179,382,1,179,155,240,23,133,187,179,12,0,0,0.000000,inf,inf,43,0.471684,0,1.806875,inf,0,0.006393,0.001240,0.007645,0.330487
86.569528,1786670480.124456,1769605533.657724,1769605533.757887,map_start,map,map_start,,,0.000000,0.000000,886,0,5899,18719,188,424,1,188,155,242,23,133,188,188,12,0,0,0.000000,inf,inf,46,0.489469,0,1.432941,inf,0,0.005845,0.001214,0.007070,0.339954
86.956039,1786670480.516937,1769605534.057776,1769605534.057776,map_start,map,map_start,,,0.000000,0.000000,936,0,5908,18760,177,372,1,177,153,232,23,131,189,177,11,0,0,0.000000,inf,inf,35,0.501151,0,1.136269,inf,0,0.005922,0.001222,0.007152,0.367806
87.396819,1786670480.949589,1769605534.457708,1769605534.557658,map_start,map,map_start,,,0.000000,0.000000,968,0,5940,18818,183,372,1,183,155,235,23,133,190,183,11,0,0,0.000000,inf,inf,35,0.516671,0,0.734823,inf,0,0.008253,0.001215,0.009478,0.361244
87.800211,1786670481.352100,1769605534.857719,1769605534.857719,map_start,map,map_start,,,0.000000,0.000000,1032,0,5968,18906,189,392,2,188,155,237,23,133,191,1,0,0,0,0.000000,inf,inf,29,0.641291,0,0.615887,inf,0,0.005774,0.001201,0.006984,0.399426
88.202125,1786670481.754764,1769605535.157743,1769605535.257711,map_start,map,map_start,,,0.000000,0.000000,1076,0,5991,18991,192,396,2,191,153,228,24,130,192,1,0,0,0,0.000000,inf,inf,31,0.528923,0,0.608311,inf,0,0.005974,0.001277,0.007261,0.400562
88.583346,1786670482.136984,1769605535.457849,1769605535.557685,map_start,map,map_start,,,0.000000,0.000000,1044,0,6009,19015,178,380,2,177,152,229,24,129,193,1,0,0,0,0.000000,inf,inf,26,0.530755,0,0.609868,inf,0,0.005644,0.001257,0.006907,0.399714
88.972447,1786670482.529818,1769605535.857905,1769605535.957719,map_start,map,map_start,,,0.000000,0.000000,1056,0,6033,19057,178,373,2,177,152,231,24,129,194,1,0,0,0,0.000000,inf,inf,23,0.523815,0,0.726256,inf,0,0.006016,0.001230,0.007256,0.381147
89.371144,1786670482.932386,1769605536.257945,1769605536.257945,map_start,map,map_start,,,0.000000,0.000000,1082,0,6050,19097,180,378,2,179,152,230,24,129,195,1,0,0,0,0.000000,inf,inf,25,0.485763,0,0.956189,inf,0,0.006006,0.001236,0.007251,0.374372
89.805528,1786670483.365189,1769605536.557736,1769605536.657899,map_start,map,map_start,,,0.000000,0.000000,1030,0,6059,19125,185,413,1,185,152,230,24,129,196,185,12,0,0,0.000000,inf,inf,37,0.470777,0,1.324316,inf,0,0.005985,0.001255,0.007251,0.370442
90.190451,1786670483.747615,1769605536.957711,1769605537.057908,map_start,map,map_start,,,0.000000,0.000000,1043,0,6078,19177,182,405,1,182,152,228,25,128,197,182,13,0,0,0.000000,inf,inf,39,0.485763,0,1.729494,inf,0,0.006275,0.001387,0.007682,0.402294
90.559512,1786670484.120084,1769605537.258199,1769605537.357755,map_start,map,map_start,,,0.000000,0.000000,1081,0,6096,19237,182,402,1,182,151,226,24,97,198,182,12,0,0,0.000000,inf,inf,37,0.479060,0,2.053541,inf,0,0.005955,0.001217,0.007182,0.384054
90.946721,1786670484.502603,1769605537.657730,1769605537.657730,map_start,map,map_start,,,0.000000,0.000000,1018,0,6106,19257,181,388,1,181,151,225,24,97,199,181,10,0,0,0.000000,inf,inf,32,0.474740,0,2.128714,inf,0,0.005898,0.001271,0.007179,0.360797
91.347052,1786670484.905524,1769605537.957733,1769605538.057730,map_start,map,map_start,,,0.000000,0.000000,986,0,6105,19265,177,372,1,177,151,221,25,97,200,177,11,0,0,0.000000,inf,inf,31,0.488801,0,2.031439,inf,0,0.005907,0.001273,0.007190,0.345902
91.736309,1786670485.287884,1769605538.357770,1769605538.357770,map_start,map,map_start,,,0.000000,0.000000,1013,0,6116,19293,182,401,1,182,151,227,23,97,201,182,12,0,0,0.000000,inf,inf,34,0.494603,0,2.003262,inf,0,0.005921,0.001282,0.007213,0.343399
92.128422,1786670485.680360,1769605538.657785,1769605538.757797,map_start,map,map_start,,,0.000000,0.000000,953,0,6114,19305,185,421,1,185,151,228,22,130,202,185,14,0,0,0.000000,inf,inf,38,0.499988,0,2.058378,inf,0,0.005954,0.001266,0.007228,0.339568
92.528556,1786670486.082699,1769605539.057751,1769605539.057751,map_start,map,map_start,,,0.000000,0.000000,1013,0,6150,19421,181,391,1,181,151,225,22,130,203,181,10,0,0,0.000000,inf,inf,30,0.472105,0,2.091654,inf,0,0.005803,0.001313,0.007128,0.329884
92.919670,1786670486.475046,1769605539.257780,1769605539.457896,map_start,map,map_start,,,0.000000,0.000000,1011,0,6174,19457,186,406,1,186,151,226,21,131,204,186,10,0,0,0.000000,inf,inf,31,0.469674,0,2.090085,inf,0,0.005932,0.001252,0.007193,0.327005
93.296174,1786670486.857361,1769605539.757717,1769605539.757717,map_start,map,map_start,,,0.000000,0.000000,1006,0,6193,19497,190,418,1,190,151,225,21,131,205,190,10,0,0,0.000000,inf,inf,36,0.486168,0,1.877260,inf,0,0.006046,0.001238,0.007293,0.315685
93.725855,1786670487.280026,1769605540.157821,1769605540.157821,map_start,map,map_start,,,0.000000,0.000000,905,0,6204,19517,191,422,1,191,151,224,21,131,206,191,11,0,0,0.000000,inf,inf,31,0.473906,0,1.507438,inf,0,0.005740,0.001241,0.006991,0.299882
94.105842,1786670487.662328,1769605540.457820,1769605540.557698,map_start,map,map_start,,,0.000000,0.000000,948,0,6220,19553,193,426,1,193,151,218,21,131,207,193,10,0,0,0.000000,inf,inf,40,0.488526,0,1.116415,inf,0,0.005933,0.001290,0.007233,0.326677
94.516146,1786670488.075752,1769605540.857766,1769605540.857766,map_start,map,map_start,,,0.000000,0.000000,931,0,6231,19569,194,422,1,194,151,219,21,131,208,194,10,0,0,0.000000,inf,inf,36,0.475235,0,0.858907,inf,0,0.005845,0.001236,0.007090,0.303684
94.914437,1786670488.469101,1769605541.157777,1769605541.257814,map_start,map,map_start,,,0.000000,0.000000,892,0,6240,19585,190,409,1,190,151,219,21,131,209,190,8,0,0,0.000000,inf,inf,31,0.475520,0,0.660816,inf,0,0.005794,0.001238,0.007041,0.312380
95.308747,1786670488.861487,1769605541.457714,1769605541.557796,map_start,map,map_start,,,0.000000,0.000000,907,0,6266,19613,195,429,1,195,151,219,21,131,210,195,7,0,0,0.000000,inf,inf,36,0.478607,0,0.765029,inf,0,0.008113,0.001619,0.009748,0.317057
95.727291,1786670489.284185,1769605541.757884,1769605541.757884,map_start,map,map_start,,,0.000000,0.000000,859,0,6272,19629,200,443,1,200,151,217,21,131,211,200,7,0,0,0.000000,inf,inf,31,0.477967,0,0.898992,inf,0,0.005924,0.001242,0.007175,0.309019
96.132604,1786670489.686706,1769605542.257965,1769605542.257965,map_start,map,map_start,,,0.000000,0.000000,795,0,6271,19649,203,446,1,203,151,215,21,131,212,203,8,0,0,0.000000,inf,inf,37,0.470796,0,1.158565,inf,0,0.005959,0.001253,0.007224,0.324872
96.515960,1786670490.069152,1769605542.557800,1769605542.657651,map_start,map,map_start,,,0.000000,0.000000,768,0,6282,19673,197,422,1,197,151,215,21,131,213,197,5,0,0,0.000000,inf,inf,33,0.491404,0,0.899241,inf,0,0.005776,0.001242,0.007028,0.336724
96.938459,1786670490.492211,1769605542.857729,1769605542.957718,map_start,map,map_start,,,0.000000,0.000000,775,0,6288,19685,198,430,1,198,151,216,21,131,214,198,5,0,0,0.000000,inf,inf,29,0.480989,0,0.775676,inf,0,0.005948,0.001267,0.007226,0.317309
97.343107,1786670490.894698,1769605543.257747,1769605543.357701,map_start,map,map_start,,,0.000000,0.000000,748,0,6293,19701,201,454,1,201,150,216,20,131,215,201,8,0,0,0.000000,inf,inf,35,0.478437,0,0.842916,inf,0,0.005963,0.001272,0.007243,0.338100
97.771527,1786670491.327333,1769605543.657715,1769605543.757871,map_start,map,map_start,,,0.000000,0.000000,703,0,6299,19705,207,478,1,207,149,215,19,131,216,207,9,0,0,0.000000,inf,inf,46,0.486357,0,1.099573,inf,0,0.006155,0.001255,0.007421,0.340139
98.130388,1786670491.689486,1769605543.957869,1769605544.057935,map_start,map,map_start,,,0.000000,0.000000,682,0,6314,19733,203,459,1,203,149,215,19,131,217,203,17,0,0,0.000000,inf,inf,48,0.480406,0,1.368004,inf,0,0.006004,0.001281,0.007294,0.374941
98.538856,1786670492.091956,1769605544.357784,1769605544.457747,map_start,map,map_start,,,0.000000,0.000000,712,0,6317,19755,197,442,1,197,149,215,19,131,218,197,19,0,0,0.000000,inf,inf,50,0.471536,0,1.433156,inf,0,0.007395,0.001302,0.008707,0.331699
98.945963,1786670492.504610,1769605544.657711,1769605544.657711,map_start,map,map_start,,,0.000000,0.000000,748,0,6337,19811,199,442,1,199,177,286,18,160,219,199,18,0,0,0.000000,inf,inf,49,0.469564,0,1.262926,inf,0,0.005922,0.001265,0.007201,0.336770
99.337837,1786670492.897037,1769605545.057743,1769605545.157742,map_start,map,map_start,,,0.000000,0.000000,728,0,6343,19823,205,447,1,205,178,282,20,118,220,205,15,0,0,0.000000,inf,inf,43,0.463308,0,0.915499,inf,0,0.005941,0.001231,0.007184,0.342013
99.728923,1786670493.289440,1769605545.457728,1769605545.457728,map_start,map,map_start,,,0.000000,0.000000,709,0,6344,19835,204,457,1,204,179,293,18,162,221,204,14,0,0,0.000000,inf,inf,49,0.469027,0,0.811450,inf,0,0.006009,0.001255,0.007277,0.341310
100.126618,1786670493.681824,1769605545.757719,1769605545.757719,map_start,map,map_start,,,0.000000,0.000000,719,0,6349,19851,202,440,1,202,181,291,19,163,222,202,16,0,0,0.000000,inf,inf,46,0.472986,0,0.811505,inf,0,0.006043,0.001256,0.007313,0.331008
100.512862,1786670494.074070,1769605546.157863,1769605546.257742,map_start,map,map_start,,,0.000000,0.000000,752,0,6366,19895,199,426,1,199,181,290,20,121,223,199,15,0,0,0.000000,inf,inf,40,0.476492,0,0.780251,inf,0,0.005969,0.001260,0.007238,0.325985
100.895912,1786670494.456531,1769605546.457889,1769605546.557735,map_start,map,map_start,,,0.000000,0.000000,773,0,6392,19959,200,434,1,200,179,285,19,120,224,200,16,0,0,0.000000,inf,inf,39,0.475748,0,0.797144,inf,0,0.006119,0.001254,0.007385,0.309979
101.300205,1786670494.859069,1769605546.857694,1769605546.957736,map_start,map,map_start,,,0.000000,0.000000,763,0,6396,19973,205,457,1,205,183,298,19,124,225,205,19,0,0,0.000000,inf,inf,52,0.492816,0,0.820787,inf,0,0.008188,0.001847,0.010050,0.299807
101.711174,1786670495.263172,1769605547.257696,1769605547.257696,map_start,map,map_start,,,0.000000,0.000000,767,0,6406,19993,208,471,1,208,184,304,19,125,226,208,19,0,0,0.000000,inf,inf,52,0.465526,0,0.941585,inf,0,0.006201,0.001266,0.007476,0.302326
102.106979,1786670495.665725,1769605547.557713,1769605547.657727,map_start,map,map_start,,,0.000000,0.000000,764,0,6418,20025,213,489,1,213,185,304,19,126,227,213,23,0,0,0.000000,inf,inf,64,0.476281,0,0.922466,inf,0,0.006117,0.001315,0.007444,0.309376
102.485390,1786670496.038160,1769605547.857728,1769605547.957939,map_start,map,map_start,,,0.000000,0.000000,763,0,6424,20069,208,478,1,208,186,306,20,126,228,208,22,0,0,0.000000,inf,inf,57,0.474992,0,0.965706,inf,0,0.006243,0.001316,0.007567,0.312616
102.896210,1786670496.450775,1769605548.257710,1769605548.357687,map_start,map,map_start,,,0.000000,0.000000,755,0,6444,20102,207,472,1,207,186,298,19,128,229,207,23,0,0,0.000000,inf,inf,54,0.454017,0,1.036495,inf,0,0.006019,0.001254,0.007283,0.287497
103.268046,1786670496.823165,1769605548.557863,1769605548.657762,map_start,map,map_start,,,0.000000,0.000000,683,0,6440,20110,206,458,1,206,191,314,18,174,230,206,21,0,0,0.000000,inf,inf,46,0.487073,0,1.090124,inf,0,0.005983,0.001261,0.007254,0.294975
103.675361,1786670497.235940,1769605548.857763,1769605549.058017,map_start,map,map_start,,,0.000000,0.000000,680,0,6454,20146,208,477,1,208,191,319,18,174,231,208,22,0,0,0.000000,inf,inf,49,0.467091,0,1.158064,inf,0,0.008388,0.001741,0.010146,0.264952
104.077076,1786670497.628437,1769605549.357686,1769605549.357686,map_start,map,map_start,,,0.000000,0.000000,677,0,6465,20186,213,513,1,213,195,340,18,178,232,213,25,0,0,0.000000,inf,inf,63,0.475001,0,1.204429,inf,0,0.006169,0.001294,0.007475,0.279575
104.479556,1786670498.030877,1769605549.657706,1769605549.757731,map_start,map,map_start,,,0.000000,0.000000,710,0,6483,20246,214,499,1,214,196,342,18,179,233,214,27,0,0,0.000000,inf,inf,59,0.481738,0,1.309453,inf,0,0.006749,0.001256,0.008016,0.279042
104.891406,1786670498.443369,1769605550.057897,1769605550.157745,map_start,map,map_start,,,0.000000,0.000000,678,0,6491,20274,213,509,1,213,198,361,18,181,234,213,22,0,0,0.000000,inf,inf,52,0.497996,0,1.523918,inf,0,0.006537,0.001296,0.007844,0.278806
105.281984,1786670498.835753,1769605550.357692,1769605550.457691,map_start,map,map_start,,,0.000000,0.000000,700,0,6506,20330,220,542,1,220,198,347,19,180,235,220,27,0,0,0.000000,inf,inf,62,0.490578,0,1.436119,inf,0,0.006232,0.001293,0.007535,0.289136
105.678838,1786670499.239020,1769605550.757779,1769605550.857728,map_start,map,map_start,,,0.000000,0.000000,680,0,6518,20370,220,535,1,220,199,350,19,181,236,220,25,0,0,0.000000,inf,inf,62,0.487204,0,1.323676,inf,0,0.006167,0.001324,0.007498,0.286830
106.077162,1786670499.631441,1769605551.157936,1769605551.157936,map_start,map,map_start,,,0.000000,0.000000,734,0,6544,20434,219,517,1,219,198,352,19,180,237,219,21,0,0,0.000000,inf,inf,51,0.526192,0,1.168925,inf,0,0.006379,0.001304,0.007696,0.280148
106.480413,1786670500.034199,1769605551.457790,1769605551.557916,map_start,map,map_start,,,0.000000,0.000000,783,0,6573,20514,224,526,1,224,203,367,19,185,238,224,12,0,0,0.000000,inf,inf,46,0.491880,0,1.124005,inf,0,0.006153,0.001313,0.007475,0.276944
106.876421,1786670500.436763,1769605551.857722,1769605551.857722,map_start,map,map_start,,,0.000000,0.000000,786,0,6589,20542,223,549,1,223,205,383,19,187,239,223,11,0,0,0.000000,inf,inf,43,0.476396,0,1.206350,inf,0,0.008732,0.001484,0.010233,0.277330
107.280310,1786670500.839463,1769605552.157819,1769605552.257721,map_start,map,map_start,,,0.000000,0.000000,800,0,6608,20570,221,536,1,221,205,381,19,187,240,221,12,0,0,0.000000,inf,inf,42,0.475306,0,1.221583,inf,0,0.008453,0.001921,0.010389,0.280878
107.677949,1786670501.231769,1769605552.557886,1769605552.557886,map_start,map,map_start,,,0.000000,0.000000,800,0,6618,20602,221,523,1,221,211,399,19,193,241,221,13,0,0,0.000000,inf,inf,42,0.477096,0,1.283911,inf,0,0.006485,0.001397,0.007891,0.280967
108.076512,1786670501.634394,1769605552.857797,1769605552.957783,map_start,map,map_start,,,0.000000,0.000000,804,0,6643,20638,229,546,1,229,212,394,20,193,242,229,10,0,0,0.000000,inf,inf,42,0.476967,0,1.319299,inf,0,0.006272,0.001305,0.007587,0.277524
108.479685,1786670502.037026,1769605553.257925,1769605553.257925,map_start,map,map_start,,,0.000000,0.000000,836,0,6663,20694,231,549,1,231,213,393,21,193,243,231,9,0,0,0.000000,inf,inf,44,0.546069,0,1.376006,inf,0,0.006311,0.001329,0.007651,0.272961
108.882730,1786670502.441287,1769605553.557810,1769605553.657805,map_start,map,map_start,,,0.000000,0.000000,893,0,6688,20762,229,536,1,229,215,390,23,191,244,229,9,0,0,0.000000,inf,inf,46,0.530536,0,1.438121,inf,0,0.006859,0.001330,0.008199,0.282733
109.284177,1786670502.843827,1769605553.957757,1769605554.057790,map_start,map,map_start,,,0.000000,0.000000,920,0,6707,20810,235,565,1,235,215,397,22,192,245,235,13,0,0,0.000000,inf,inf,49,0.480691,0,1.508616,inf,0,0.008436,0.001692,0.010145,0.283365
109.670444,1786670503.226252,1769605554.357952,1769605554.357952,map_start,map,map_start,,,0.000000,0.000000,940,0,6729,20842,232,552,2,230,214,393,24,190,246,230,8,0,0,0.000000,inf,inf,41,0.501333,0,1.578039,inf,0,0.005986,0.001298,0.007301,0.280834
110.089366,1786670503.649942,1769605554.657682,1769605554.757690,map_start,map,map_start,,,0.000000,0.000000,967,0,6757,20886,235,581,1,235,214,391,23,192,247,235,9,0,0,0.000000,inf,inf,41,0.479845,0,1.690351,inf,0,0.005828,0.001317,0.007155,0.274643
110.468319,1786670504.022301,1769605555.057820,1769605555.057820,map_start,map,map_start,,,0.000000,0.000000,986,0,6774,20922,238,592,1,238,218,419,22,197,248,238,11,0,0,0.000000,inf,inf,44,0.480286,0,1.823656,inf,0,0.006203,0.001368,0.007581,0.291195
110.887386,1786670504.445021,1769605555.357762,1769605555.457718,map_start,map,map_start,,,0.000000,0.000000,999,0,6796,20971,246,620,1,246,219,420,22,198,249,246,11,0,0,0.000000,inf,inf,51,0.475888,0,1.625172,inf,0,0.006373,0.001411,0.007795,0.267289
111.283553,1786670504.838858,1769605555.657798,1769605555.757772,map_start,map,map_start,,,0.000000,0.000000,1015,0,6815,21016,247,607,1,247,221,422,23,199,250,247,12,0,0,0.000000,inf,inf,51,0.478839,0,1.498807,inf,0,0.005918,0.001360,0.007288,0.284053
111.701882,1786670505.261499,1769605556.057696,1769605556.157694,map_start,map,map_start,,,0.000000,0.000000,1039,0,6829,21069,243,606,1,243,222,439,22,201,251,243,11,0,0,0.000000,inf,inf,46,0.517651,0,1.437987,inf,0,0.006046,0.001380,0.007436,0.285404
112.091489,1786670505.644065,1769605556.457937,1769605556.557867,map_start,map,map_start,,,0.000000,0.000000,1077,0,6847,21122,245,592,1,245,223,430,22,202,252,245,11,0,0,0.000000,inf,inf,45,0.581821,0,1.526092,inf,0,0.006244,0.001431,0.007686,0.300680
112.471857,1786670506.026704,1769605556.757942,1769605556.857768,map_start,map,map_start,,,0.000000,0.000000,1093,0,6860,21161,242,570,1,242,227,439,23,205,253,242,13,0,0,0.000000,inf,inf,46,0.509287,0,1.668715,inf,0,0.006380,0.001849,0.008265,0.287692
112.866689,1786670506.419144,1769605557.157700,1769605557.157700,map_start,map,map_start,,,0.000000,0.000000,1172,0,6887,21260,241,573,1,241,227,447,21,207,254,241,9,0,0,0.000000,inf,inf,41,0.506365,0,1.490499,inf,0,0.006542,0.001384,0.007934,0.275998
113.285750,1786670506.842178,1769605557.557756,1769605557.557756,map_start,map,map_start,,,0.000000,0.000000,1205,0,6909,21322,246,571,1,246,231,448,23,209,255,246,10,0,0,0.000000,inf,inf,46,0.506938,0,1.168669,inf,0,0.006103,0.001432,0.007545,0.267257
113.693641,1786670507.254911,1769605557.857882,1769605557.957768,map_start,map,map_start,,,0.000000,0.000000,1253,0,6934,21397,247,589,1,247,235,479,21,215,256,247,10,0,0,0.000000,inf,inf,43,0.517990,0,0.964725,inf,0,0.006710,0.001427,0.008149,0.285298
114.080022,1786670507.637280,1769605558.257786,1769605558.257786,map_start,map,map_start,,,0.000000,0.000000,1252,0,6954,21443,243,578,1,243,235,475,21,215,257,243,10,0,0,0.000000,inf,inf,42,0.514958,0,0.922310,inf,0,0.005956,0.001406,0.007371,0.283987
114.452376,1786670508.009618,1769605558.557707,1769605558.657911,map_start,map,map_start,,,0.000000,0.000000,1249,0,6966,21494,243,581,1,243,235,469,23,213,258,243,6,0,0,0.000000,inf,inf,34,0.537200,0,0.869565,inf,0,0.006215,0.001464,0.007688,0.283987
114.850138,1786670508.402411,1769605558.958013,1769605558.958013,map_start,map,map_start,,,0.000000,0.000000,1235,0,6971,21522,240,562,1,240,237,475,23,215,259,240,6,0,0,0.000000,inf,inf,34,0.484049,0,0.804763,inf,0,0.007795,0.001527,0.009334,0.253997
115.252512,1786670508.804754,1769605559.257729,1769605559.357720,map_start,map,map_start,,,0.000000,0.000000,1283,0,6997,21606,240,567,1,240,239,469,25,215,260,240,8,0,0,0.000000,inf,inf,32,0.501098,0,0.753270,inf,0,0.006217,0.001455,0.007683,0.249135
115.653439,1786670509.207241,1769605559.657804,1769605559.657804,map_start,map,map_start,,,0.000000,0.000000,1283,0,7016,21658,242,581,1,242,239,472,26,214,261,242,9,0,0,0.000000,inf,inf,35,0.487645,0,0.695011,inf,0,0.008738,0.002144,0.010900,0.248324
116.056140,1786670509.609654,1769605559.957802,1769605560.057710,map_start,map,map_start,,,0.000000,0.000000,1251,0,7028,21686,242,567,1,242,239,475,25,215,262,242,10,0,0,0.000000,inf,inf,41,0.485348,0,0.863077,inf,0,0.007772,0.001502,0.009287,0.257625
116.452003,1786670510.012398,1769605560.357720,1769605560.357720,map_start,map,map_start,,,0.000000,0.000000,1245,0,7040,21722,242,565,1,242,239,468,25,215,263,242,8,0,0,0.000000,inf,inf,30,0.487352,0,0.953670,inf,0,0.006356,0.001432,0.007797,0.256299
116.845056,1786670510.404872,1769605560.657757,1769605560.757722,map_start,map,map_start,,,0.000000,0.000000,1269,0,7059,21798,241,577,1,241,242,481,25,218,264,241,8,0,0,0.000000,inf,inf,31,0.475192,0,0.890769,inf,0,0.008317,0.001495,0.009824,0.250539
117.246037,1786670510.797277,1769605561.057725,1769605561.157830,map_start,map,map_start,,,0.000000,0.000000,1251,0,7072,21822,251,597,1,251,243,484,25,219,265,251,10,0,0,0.000000,inf,inf,40,0.510564,0,1.007751,inf,0,0.006790,0.001419,0.008220,0.240798
117.642409,1786670511.200206,1769605561.457741,1769605561.457741,map_start,map,map_start,,,0.000000,0.000000,1248,0,7089,21858,250,602,1,250,244,492,25,220,266,250,10,0,0,0.000000,inf,inf,39,0.493727,0,1.146685,inf,0,0.009439,0.001422,0.010869,0.249118
118.027195,1786670511.582514,1769605561.757787,1769605561.857711,map_start,map,map_start,,,0.000000,0.000000,1236,0,7105,21899,247,574,1,247,245,486,25,221,267,247,10,0,0,0.000000,inf,inf,38,0.490866,0,1.220787,inf,0,0.007032,0.001433,0.008472,0.241625
118.423695,1786670511.975341,1769605562.057888,1769605562.157733,map_start,map,map_start,,,0.000000,0.000000,1224,0,7125,21950,244,557,1,244,245,477,26,220,268,244,12,0,0,0.000000,inf,inf,34,0.472639,0,1.361888,inf,0,0.007841,0.001508,0.009360,0.224107
118.826730,1786670512.387925,1769605562.457761,1769605562.557912,map_start,map,map_start,,,0.000000,0.000000,1223,0,7139,21990,248,583,1,248,247,500,24,224,269,248,9,0,0,0.000000,inf,inf,34,0.472639,0,1.437652,inf,0,0.007506,0.001434,0.008959,0.229104
119.237265,1786670512.790227,1769605562.857836,1769605562.857836,map_start,map,map_start,,,0.000000,0.000000,1216,0,7166,22046,254,613,1,254,248,495,23,226,270,254,13,0,0,0.000000,inf,inf,45,0.472456,0,1.362354,inf,0,0.006868,0.001480,0.008358,0.228292
119.632102,1786670513.193303,1769605563.057696,1769605563.257933,map_start,map,map_start,,,0.000000,0.000000,1190,0,7180,22086,256,629,1,256,249,508,23,227,271,256,13,0,0,0.000000,inf,inf,47,0.472639,0,1.016168,inf,0,0.006161,0.001500,0.007672,0.237352
120.028654,1786670513.585703,1769605563.557691,1769605563.557691,map_start,map,map_start,,,0.000000,0.000000,1170,0,7181,22114,251,603,1,251,249,499,25,225,272,251,12,0,0,0.000000,inf,inf,39,0.518470,0,0.737834,inf,0,0.006859,0.001504,0.008374,0.232511
120.425006,1786670513.978133,1769605563.857833,1769605563.957858,map_start,map,map_start,,,0.000000,0.000000,1133,0,7182,22130,255,598,2,254,248,502,21,228,273,1,0,0,0,0.000000,inf,inf,22,0.486730,0,0.488022,inf,0,0.006418,0.001479,0.007908,0.232511
120.816890,1786670514.370839,1769605564.257736,1769605564.257736,map_start,map,map_start,,,0.000000,0.000000,1123,0,7199,22146,254,577,2,253,247,489,22,226,274,1,0,0,0,0.000000,inf,inf,21,0.509578,0,0.351285,inf,0,0.006864,0.001486,0.008361,0.228065
121.224086,1786670514.783354,1769605564.557729,1769605564.657734,map_start,map,map_start,,,0.000000,0.000000,1084,0,7215,22170,263,608,2,262,246,474,24,223,275,1,0,0,0,0.000000,inf,inf,27,0.503540,0,0.471512,inf,0,0.007012,0.001479,0.008501,0.216955
121.638379,1786670515.195812,1769605564.957720,1769605565.057715,map_start,map,map_start,,,0.000000,0.000000,1078,0,7241,22224,270,645,2,269,246,476,26,220,276,1,0,0,0,0.000000,inf,inf,29,0.500366,0,0.516584,inf,0,0.009505,0.001478,0.010990,0.221753
122.016555,1786670515.568625,1769605565.257855,1769605565.357713,map_start,map,map_start,,,0.000000,0.000000,1046,0,7253,22251,261,610,2,260,245,478,26,220,277,1,0,0,0,0.000000,inf,inf,24,0.487835,0,0.500613,inf,0,0.006824,0.001511,0.008345,0.242598
122.426989,1786670515.981121,1769605565.657772,1769605565.757751,map_start,map,map_start,,,0.000000,0.000000,1027,0,7279,22279,264,615,2,263,241,471,24,218,278,1,0,0,0,0.000000,inf,inf,28,0.487835,0,0.517097,inf,0,0.007823,0.001473,0.009308,0.218775
122.821130,1786670516.373408,1769605566.057730,1769605566.057730,map_start,map,map_start,,,0.000000,0.000000,1001,0,7312,22314,269,630,2,268,240,469,24,217,279,1,0,0,0,0.000000,inf,inf,34,0.487835,0,0.525001,inf,0,0.006675,0.001516,0.008203,0.226342
123.224236,1786670516.776361,1769605566.357689,1769605566.457726,map_start,map,map_start,,,0.000000,0.000000,994,0,7333,22330,268,631,2,267,239,466,24,216,280,1,0,0,0,0.000000,inf,inf,33,0.487835,0,0.399949,inf,0,0.007145,0.001499,0.008652,0.217593
123.602877,1786670517.158802,1769605566.657753,1769605566.757849,map_start,map,map_start,,,0.000000,0.000000,992,0,7351,22346,267,621,2,266,238,460,24,215,281,1,0,0,0,0.000000,inf,inf,32,0.485050,0,0.251292,inf,0,0.007598,0.001516,0.009124,0.228462
124.006736,1786670517.561288,1769605567.057916,1769605567.157897,map_start,map,map_start,,,0.000000,0.000000,997,0,7369,22367,263,607,2,262,238,465,24,215,282,1,0,0,0,0.000000,inf,inf,26,0.478125,0,0.223944,inf,0,0.008769,0.001439,0.010219,0.205039
124.416075,1786670517.973676,1769605567.357764,1769605567.457721,map_start,map,map_start,,,0.000000,0.000000,997,0,7393,22379,269,616,2,268,238,460,24,215,283,1,0,0,0,0.000000,inf,inf,26,0.490068,0,0.280817,inf,0,0.009331,0.001600,0.010948,0.206832
124.792427,1786670518.345913,1769605567.757715,1769605567.857743,map_start,map,map_start,,,0.000000,0.000000,1002,0,7406,22419,265,582,2,264,238,441,25,214,284,1,0,0,0,0.000000,inf,inf,28,0.492939,0,0.573687,inf,0,0.007749,0.001582,0.009349,0.213214
125.212167,1786670518.768571,1769605568.057829,1769605568.257724,map_start,map,map_start,,,0.000000,0.000000,1003,0,7443,22443,275,628,2,274,238,461,24,215,285,1,0,0,0,0.000000,inf,inf,31,0.487375,0,0.797104,inf,0,0.009596,0.002114,0.011724,0.196709
125.622853,1786670519.181148,1769605568.557898,1769605568.557898,map_start,map,map_start,,,0.000000,0.000000,982,0,7484,22463,276,637,2,275,238,461,24,215,286,1,0,0,0,0.000000,inf,inf,30,0.476684,0,0.899072,inf,0,0.007417,0.001490,0.008918,0.214268
126.024029,1786670519.584110,1769605568.857797,1769605568.957788,map_start,map,map_start,,,0.000000,0.000000,985,0,7501,22497,275,618,2,274,238,455,25,214,287,1,0,0,0,0.000000,inf,inf,32,0.482116,0,0.752868,inf,0,0.010510,0.001487,0.012006,0.221790
126.408899,1786670519.966333,1769605569.257814,1769605569.257814,map_start,map,map_start,,,0.000000,0.000000,1074,0,7535,23571,279,644,2,278,238,456,24,215,288,1,0,0,0,0.000000,inf,inf,34,0.472682,0,0.831857,inf,0,0.007110,0.001541,0.008661,0.220082
126.813588,1786670520.369378,1769605569.557795,1769605569.657805,map_start,map,map_start,,,0.000000,0.000000,1011,0,7566,23700,275,638,2,274,238,458,24,215,289,1,0,0,0,0.000000,inf,inf,28,0.496642,0,0.820280,inf,0,0.007540,0.001516,0.009067,0.213086
127.226867,1786670520.781978,1769605569.957718,1769605570.057827,map_start,map,map_start,,,0.000000,0.000000,1073,0,7602,23810,272,620,2,271,237,452,24,214,290,1,0,0,0,0.000000,inf,inf,26,0.475730,0,0.651141,inf,0,0.009936,0.002292,0.012240,0.213895
127.634436,1786670521.194479,1769605570.357834,1769605570.357834,map_start,map,map_start,,,0.000000,0.000000,1051,0,7644,23870,277,632,2,276,237,451,24,214,291,1,0,0,0,0.000000,inf,inf,30,0.469416,0,0.628659,inf,0,0.007924,0.001545,0.009499,0.225589
128.018854,1786670521.576796,1769605570.657718,1769605570.757723,map_start,map,map_start,,,0.000000,0.000000,572,0,7675,24442,271,616,2,270,237,454,24,214,292,1,0,0,0,0.000000,inf,inf,24,0.496642,0,0.613591,inf,0,0.007767,0.001550,0.009328,0.230784
128.421698,1786670521.979223,1769605571.057793,1769605571.057793,map_start,map,map_start,,,0.000000,0.000000,607,0,7714,24519,276,628,1,276,237,443,24,214,293,276,15,0,0,0.000000,inf,inf,46,0.476087,0,0.703514,inf,0,0.009499,0.001532,0.011039,0.222435
128.817038,1786670522.371567,1769605571.357816,1769605571.457763,map_start,map,map_start,,,0.000000,0.000000,1085,0,7744,24666,267,583,2,262,236,442,26,211,294,262,10,0,0,0.000000,inf,inf,30,0.473441,0,0.944236,inf,0,0.010278,0.002173,0.012464,0.222536
129.198770,1786670522.753883,1769605571.757888,1769605571.757888,map_start,map,map_start,,,0.000000,0.000000,1079,0,7780,24738,270,604,1,270,236,446,25,212,295,270,10,0,0,0.000000,inf,inf,29,0.481405,0,1.038630,inf,0,0.007671,0.001602,0.009285,0.216072
129.601618,1786670523.156476,1769605572.057691,1769605572.157557,map_start,map,map_start,,,0.000000,0.000000,1137,0,7820,24817,262,583,1,262,235,441,24,212,296,262,11,0,0,0.000000,inf,inf,30,0.474804,0,1.025884,inf,0,0.010542,0.001637,0.012190,0.193984
129.995489,1786670523.549991,1769605572.357830,1769605572.457664,map_start,map,map_start,,,0.000000,0.000000,1140,0,7838,24858,269,612,1,269,235,445,24,212,297,269,11,0,0,0.000000,inf,inf,31,0.483213,0,1.062663,inf,0,0.009308,0.001623,0.010941,0.206351
130.408386,1786670523.962588,1769605572.757801,1769605572.857810,map_start,map,map_start,,,0.000000,0.000000,1073,0,7859,24891,270,622,1,270,235,445,24,212,298,270,12,0,0,0.000000,inf,inf,31,0.476666,0,1.234768,inf,0,0.008221,0.001675,0.009906,0.196673
130.798494,1786670524.355026,1769605573.057756,1769605573.257858,map_start,map,map_start,,,0.000000,0.000000,1054,0,7874,24927,271,614,1,271,235,447,23,213,299,271,10,0,0,0.000000,inf,inf,26,0.471812,0,1.391365,inf,0,0.007395,0.001567,0.008979,0.206606
131.206679,1786670524.767802,1769605573.457775,1769605573.557754,map_start,map,map_start,,,0.000000,0.000000,1013,0,7887,24967,279,646,1,279,235,446,24,212,300,279,14,0,0,0.000000,inf,inf,38,0.474532,0,1.474892,inf,0,0.007364,0.001605,0.008978,0.203654
131.617529,1786670525.170266,1769605573.857661,1769605573.957702,map_start,map,map_start,,,0.000000,0.000000,966,0,7897,24983,276,646,1,276,235,446,24,212,301,276,14,0,0,0.000000,inf,inf,37,0.497677,0,1.455624,inf,0,0.009152,0.001670,0.010831,0.209580
132.020921,1786670525.572836,1769605574.257726,1769605574.257726,map_start,map,map_start,,,0.000000,0.000000,877,0,7918,25432,273,603,1,273,235,439,24,212,302,273,12,0,0,0.000000,inf,inf,27,0.480643,0,1.498682,inf,0,0.010584,0.001752,0.012351,0.217717
132.403371,1786670525.955215,1769605574.557647,1769605574.657825,map_start,map,map_start,,,0.000000,0.000000,884,0,7943,25552,272,613,1,272,235,447,23,213,303,272,4,0,0,0.000000,inf,inf,24,0.489422,0,1.153038,inf,0,0.010834,0.002436,0.013284,0.218791
132.811082,1786670526.368065,1769605574.957754,1769605575.057724,map_start,map,map_start,,,0.000000,0.000000,824,0,7948,25558,278,648,1,278,235,446,23,213,304,278,16,0,0,0.000000,inf,inf,34,0.478865,0,1.037868,inf,0,0.007843,0.001573,0.009428,0.207911
133.237183,1786670526.791094,1769605575.357845,1769605575.357845,map_start,map,map_start,,,0.000000,0.000000,830,0,7969,25590,279,645,1,279,235,442,23,213,305,279,15,0,0,0.000000,inf,inf,35,0.491575,0,0.784608,inf,0,0.011191,0.002393,0.013596,0.213386
133.641414,1786670527.193627,1769605575.657732,1769605575.757751,map_start,map,map_start,,,0.000000,0.000000,857,0,7992,25616,287,683,1,287,235,442,23,213,306,287,20,0,0,0.000000,inf,inf,47,0.461043,0,0.626348,inf,0,0.007928,0.001631,0.009566,0.236439
134.059610,1786670527.616215,1769605576.057719,1769605576.157737,map_start,map,map_start,,,0.000000,0.000000,880,0,8029,25803,289,673,1,289,235,442,24,212,307,289,21,0,0,0.000000,inf,inf,44,0.458018,0,0.868516,inf,0,0.009683,0.001624,0.011318,0.236622
134.464113,1786670528.018703,1769605576.457716,1769605576.457716,map_start,map,map_start,,,0.000000,0.000000,949,0,8060,25921,288,671,1,288,265,510,24,242,308,288,25,0,0,0.000000,inf,inf,46,0.471077,0,0.905582,inf,0,0.007820,0.001645,0.009476,0.262278
134.854654,1786670528.411200,1769605576.757728,1769605576.857723,map_start,map,map_start,,,0.000000,0.000000,997,0,8075,25972,285,657,1,285,268,520,24,245,309,285,16,0,0,0.000000,inf,inf,35,0.466377,0,0.676920,inf,0,0.008101,0.001641,0.009753,0.265631
135.259193,1786670528.813933,1769605577.157748,1769605577.157748,map_start,map,map_start,,,0.000000,0.000000,1001,0,8103,26020,280,640,1,280,268,520,24,245,310,280,17,0,0,0.000000,inf,inf,31,0.479614,0,0.857252,inf,0,0.008017,0.001688,0.009717,0.252838
135.661604,1786670529.216607,1769605577.457701,1769605577.557868,map_start,map,map_start,,,0.000000,0.000000,984,0,8114,26044,285,657,1,285,270,521,25,246,311,285,17,0,0,0.000000,inf,inf,33,0.461137,0,0.900506,inf,0,0.011772,0.002428,0.014215,0.254987
136.078789,1786670529.639422,1769605577.857948,1769605577.957728,map_start,map,map_start,,,0.000000,0.000000,995,0,8136,26088,291,683,1,291,270,518,25,246,312,291,18,0,0,0.000000,inf,inf,38,0.456040,0,0.901066,inf,0,0.010679,0.001630,0.012319,0.264761
136.470249,1786670530.021806,1769605578.157767,1769605578.257840,map_start,map,map_start,,,0.000000,0.000000,1019,0,8155,26124,286,647,1,286,273,521,26,248,313,286,13,0,0,0.000000,inf,inf,31,0.471359,0,0.923697,inf,0,0.008083,0.001646,0.009739,0.280371
136.888091,1786670530.444427,1769605578.557742,1769605578.657695,map_start,map,map_start,,,0.000000,0.000000,1013,0,8179,26176,287,663,1,287,276,527,25,252,314,287,6,0,0,0.000000,inf,inf,41,0.456361,0,0.915885,inf,0,0.008985,0.001741,0.010735,0.267986
137.272281,1786670530.826797,1769605578.857732,1769605578.957785,map_start,map,map_start,,,0.000000,0.000000,1031,0,8201,26232,287,645,1,287,276,526,25,252,315,287,10,0,0,0.000000,inf,inf,28,0.478721,0,0.934209,inf,0,0.011551,0.002472,0.014049,0.282995
137.678239,1786670531.230025,1769605579.257814,1769605579.357708,map_start,map,map_start,,,0.000000,0.000000,1059,0,8237,26300,281,631,1,281,277,530,25,253,316,281,10,0,0,0.000000,inf,inf,27,0.484239,0,0.652332,inf,0,0.009021,0.001733,0.010763,0.275422
138.074234,1786670531.632472,1769605579.657809,1769605579.657809,map_start,map,map_start,,,0.000000,0.000000,1080,0,8249,26356,283,640,1,283,279,540,25,255,317,283,12,0,0,0.000000,inf,inf,30,0.464676,0,0.656598,inf,0,0.011920,0.002588,0.014522,0.278820
138.456882,1786670532.014980,1769605579.957690,1769605580.057811,map_start,map,map_start,,,0.000000,0.000000,1124,0,8281,26437,280,617,1,280,280,540,25,256,318,280,10,0,0,0.000000,inf,inf,24,0.474325,0,0.678026,inf,0,0.008796,0.001775,0.010583,0.272706
138.859228,1786670532.417484,1769605580.357871,1769605580.357871,map_start,map,map_start,,,0.000000,0.000000,1157,0,8303,26485,286,638,1,286,281,538,26,256,319,286,13,0,0,0.000000,inf,inf,30,0.498542,0,0.856938,inf,0,0.009296,0.001701,0.011005,0.253127
139.270670,1786670532.830199,1769605580.657730,1769605580.757729,map_start,map,map_start,,,0.000000,0.000000,1165,0,8330,26541,289,644,2,284,283,545,26,256,320,284,13,0,0,0.000000,inf,inf,29,0.476272,0,0.833981,inf,0,0.008879,0.001741,0.010631,0.262790
139.667480,1786670533.222693,1769605581.057742,1769605581.157722,map_start,map,map_start,,,0.000000,0.000000,1163,0,8341,27143,287,632,2,282,284,547,27,256,321,282,10,0,0,0.000000,inf,inf,23,0.500869,0,0.775351,inf,0,0.008658,0.001723,0.010409,0.270187
140.066590,1786670533.625211,1769605581.357779,1769605581.457622,map_start,map,map_start,,,0.000000,0.000000,1124,0,8357,27207,289,656,2,287,283,543,27,255,322,287,14,0,0,0.000000,inf,inf,32,0.490488,0,0.629786,inf,0,0.008910,0.001677,0.010597,0.265351
140.477359,1786670534.037717,1769605581.757757,1769605581.857822,map_start,map,map_start,,,0.000000,0.000000,1172,0,8374,27247,293,689,1,293,284,547,27,256,323,293,20,0,0,0.000000,inf,inf,43,0.466399,0,0.568809,inf,0,0.008934,0.001753,0.010699,0.271630
140.872273,1786670534.430105,1769605582.157743,1769605582.157743,map_start,map,map_start,,,0.000000,0.000000,1166,0,8397,27387,290,669,1,290,285,556,27,257,324,290,13,0,0,0.000000,inf,inf,32,0.490488,0,0.555030,inf,0,0.010600,0.001756,0.012365,0.279768
141.277564,1786670534.832579,1769605582.457785,1769605582.557730,map_start,map,map_start,,,0.000000,0.000000,1218,0,8427,27495,292,670,1,292,286,557,29,256,325,292,13,0,0,0.000000,inf,inf,32,0.490151,0,0.542052,inf,0,0.008552,0.001713,0.010273,0.271428
141.698760,1786670535.255292,1769605582.857696,1769605582.957712,map_start,map,map_start,,,0.000000,0.000000,1208,0,8444,27543,295,681,2,293,287,563,27,259,326,293,11,0,0,0.000000,inf,inf,27,0.511990,0,0.770564,inf,0,0.008226,0.001733,0.009969,0.275279
142.097971,1786670535.657958,1769605583.257752,1769605583.257752,map_start,map,map_start,,,0.000000,0.000000,1254,0,8511,27779,296,688,1,296,288,569,27,260,327,296,13,0,0,0.000000,inf,inf,31,0.487696,0,0.734559,inf,0,0.011068,0.001794,0.012871,0.294623
142.497548,1786670536.052313,1769605583.557711,1769605583.657718,map_start,map,map_start,,,0.000000,0.000000,1258,0,8547,27847,301,710,1,301,288,562,27,260,328,301,13,0,0,0.000000,inf,inf,38,0.493562,0,0.728023,inf,0,0.010542,0.001750,0.012302,0.301524
142.905079,1786670536.465042,1769605583.957678,1769605584.057685,map_start,map,map_start,,,0.000000,0.000000,1268,0,8562,27903,300,719,1,300,288,566,27,260,329,300,14,0,0,0.000000,inf,inf,37,0.484103,0,0.738728,inf,0,0.011464,0.002742,0.014219,0.297865
143.275534,1786670536.827231,1769605584.257704,1769605584.357709,map_start,map,map_start,,,0.000000,0.000000,1254,0,8586,27943,298,696,1,298,293,576,25,269,330,298,12,0,0,0.000000,inf,inf,35,0.480041,0,0.636387,inf,0,0.008445,0.001801,0.010255,0.301055
143.669500,1786670537.229826,1769605584.657942,1769605584.657942,map_start,map,map_start,,,0.000000,0.000000,1186,0,8592,28147,294,694,1,294,294,583,25,270,331,294,10,0,0,0.000000,inf,inf,26,0.529213,0,0.555707,inf,0,0.009502,0.001792,0.011301,0.279003
144.059081,1786670537.612212,1769605584.957695,1769605585.057766,map_start,map,map_start,,,0.000000,0.000000,1235,0,8600,28207,297,695,1,297,295,584,25,271,332,297,11,0,0,0.000000,inf,inf,29,0.500346,0,0.578136,inf,0,0.008346,0.001748,0.010103,0.270445
144.454830,1786670538.015087,1769605585.357712,1769605585.357712,map_start,map,map_start,,,0.000000,0.000000,1239,0,8613,28239,293,684,1,293,294,581,26,269,333,293,10,0,0,0.000000,inf,inf,27,0.472782,0,0.785635,inf,0,0.009013,0.001754,0.010775,0.257684
144.843782,1786670538.397429,1769605585.657787,1769605585.757777,map_start,map,map_start,,,0.000000,0.000000,1244,0,8638,28283,293,686,1,293,295,587,25,271,334,293,10,0,0,0.000000,inf,inf,27,0.483772,0,0.809555,inf,0,0.008565,0.001786,0.010361,0.250845
145.244537,1786670538.799700,1769605586.057703,1769605586.157675,map_start,map,map_start,,,0.000000,0.000000,1237,0,8659,28327,295,682,1,295,297,593,25,273,335,295,10,0,0,0.000000,inf,inf,27,0.469566,0,0.815201,inf,0,0.009012,0.001766,0.010787,0.246033
145.637363,1786670539.192101,1769605586.357753,1769605586.457676,map_start,map,map_start,,,0.000000,0.000000,1244,0,8679,28363,294,681,1,294,297,593,27,270,336,294,9,0,0,0.000000,inf,inf,28,0.479178,0,0.832009,inf,0,0.008590,0.001750,0.010351,0.244392
146.048327,1786670539.604560,1769605586.757699,1769605586.857831,map_start,map,map_start,,,0.000000,0.000000,1226,0,8698,28399,300,711,1,300,297,590,26,271,337,300,12,0,0,0.000000,inf,inf,29,0.467683,0,0.821608,inf,0,0.008714,0.001772,0.010497,0.236434
146.441028,1786670539.996916,1769605587.157866,1769605587.157866,map_start,map,map_start,,,0.000000,0.000000,1225,0,8727,28455,299,702,1,299,298,597,27,271,338,299,13,0,0,0.000000,inf,inf,31,0.474269,0,0.820723,inf,0,0.008425,0.001850,0.010285,0.243827
146.854785,1786670540.409516,1769605587.457792,1769605587.557698,map_start,map,map_start,,,0.000000,0.000000,1251,0,8747,28492,305,723,1,305,299,607,27,272,339,305,16,0,0,0.000000,inf,inf,37,0.484886,0,0.820349,inf,0,0.011879,0.002607,0.014502,0.244576
147.254230,1786670540.811951,1769605587.857592,1769605587.857592,map_start,map,map_start,,,0.000000,0.000000,1315,0,8762,28535,304,708,1,304,299,604,26,273,340,304,13,0,0,0.000000,inf,inf,29,0.490742,0,0.946525,inf,0,0.009359,0.001773,0.011140,0.256290
147.669416,1786670541.224436,1769605588.157675,1769605588.257731,map_start,map,map_start,,,0.000000,0.000000,1290,0,8785,28568,303,704,2,300,301,608,27,274,341,300,12,0,0,0.000000,inf,inf,26,0.492935,0,1.215580,inf,0,0.010397,0.001788,0.012194,0.252796
148.068084,1786670541.627370,1769605588.557760,1769605588.657688,map_start,map,map_start,,,0.000000,0.000000,1278,0,8816,28582,311,715,1,311,301,600,27,274,342,311,12,0,0,0.000000,inf,inf,29,0.510537,0,1.218933,inf,0,0.009885,0.001817,0.011710,0.264547
148.474558,1786670542.029858,1769605588.957770,1769605588.957770,map_start,map,map_start,,,0.000000,0.000000,1296,0,8832,28620,312,724,1,312,300,593,28,272,343,312,11,0,0,0.000000,inf,inf,29,0.493397,0,1.224183,inf,0,0.011397,0.002447,0.013858,0.271633
148.880462,1786670542.432331,1769605589.257740,1769605589.357816,map_start,map,map_start,,,0.000000,0.000000,1295,0,8851,28658,321,772,1,321,302,602,26,276,344,321,13,0,0,0.000000,inf,inf,34,0.474910,0,1.222375,inf,0,0.010448,0.001782,0.012241,0.275145
149.291814,1786670542.844938,1769605589.657729,1769605589.757717,map_start,map,map_start,,,0.000000,0.000000,1269,0,8878,28690,320,776,1,320,303,592,28,276,345,320,11,0,0,0.000000,inf,inf,34,0.480112,0,1.210341,inf,0,0.010578,0.001796,0.012382,0.277740
149.682902,1786670543.237279,1769605589.957817,1769605590.057772,map_start,map,map_start,,,0.000000,0.000000,1305,0,8933,28738,324,806,1,324,304,607,25,280,346,324,11,0,0,0.000000,inf,inf,33,0.477184,0,0.911432,inf,0,0.009679,0.001868,0.011555,0.287239
150.085534,1786670543.639838,1769605590.357854,1769605590.457707,map_start,map,map_start,,,0.000000,0.000000,1340,0,8976,28816,323,811,1,323,304,608,26,279,347,323,10,0,0,0.000000,inf,inf,42,0.468725,0,0.775410,inf,0,0.009227,0.001887,0.011121,0.285973
150.484570,1786670544.042331,1769605590.657762,1769605590.757744,map_start,map,map_start,,,0.000000,0.000000,1322,0,9005,28880,328,818,1,328,307,613,24,284,348,328,18,0,0,0.000000,inf,inf,42,0.475113,0,0.692816,inf,0,0.008480,0.001877,0.010367,0.286380
150.883890,1786670544.444778,1769605591.057769,1769605591.157704,map_start,map,map_start,,,0.000000,0.000000,1310,0,9018,28921,320,773,1,320,306,594,26,281,349,320,17,0,0,0.000000,inf,inf,38,0.473534,0,0.773265,inf,0,0.009064,0.001928,0.011000,0.282775
151.280507,1786670544.837338,1769605591.357717,1769605591.457699,map_start,map,map_start,,,0.000000,0.000000,1333,0,9039,28993,328,812,1,328,308,616,24,285,350,328,13,0,0,0.000000,inf,inf,35,0.507510,0,0.807437,inf,0,0.009311,0.001952,0.011271,0.279400
151.683636,1786670545.239767,1769605591.757840,1769605591.857713,map_start,map,map_start,,,0.000000,0.000000,1372,0,9086,29066,322,795,1,322,311,628,23,289,351,322,16,0,0,0.000000,inf,inf,41,0.463282,0,0.863915,inf,0,0.008764,0.001989,0.010765,0.283191
152.090227,1786670545.642236,1769605592.157745,1769605592.257694,map_start,map,map_start,,,0.000000,0.000000,1296,0,9105,29076,325,817,1,325,312,634,22,291,352,325,25,0,0,0.000000,inf,inf,52,0.461169,0,0.750031,inf,0,0.009592,0.001966,0.011569,0.284205
152.488403,1786670546.044635,1769605592.457696,1769605592.557760,map_start,map,map_start,,,0.000000,0.000000,1284,0,9124,29107,325,829,1,325,315,661,23,293,353,325,25,0,0,0.000000,inf,inf,55,0.483231,0,0.828638,inf,0,0.009847,0.001881,0.011738,0.288017
152.884088,1786670546.438168,1769605592.857887,1769605592.957806,map_start,map,map_start,,,0.000000,0.000000,1247,0,9152,29147,333,882,1,333,315,653,24,292,354,333,21,0,0,0.000000,inf,inf,62,0.476156,0,0.870562,inf,0,0.009638,0.001918,0.011566,0.282599
153.303194,1786670546.860763,1769605593.257715,1769605593.357738,map_start,map,map_start,,,0.000000,0.000000,1337,0,9219,29266,335,857,1,335,315,641,24,292,355,335,15,0,0,0.000000,inf,inf,51,0.473783,0,0.864710,inf,0,0.009763,0.002045,0.011818,0.285393
153.703663,1786670547.263422,1769605593.557641,1769605593.657751,map_start,map,map_start,,,0.000000,0.000000,1392,0,9271,29347,334,841,1,334,314,636,24,291,356,334,13,0,0,0.000000,inf,inf,50,0.469018,0,0.641357,inf,0,0.012687,0.001914,0.014609,0.302890
154.099936,1786670547.655962,1769605593.957774,1769605594.057921,map_start,map,map_start,,,0.000000,0.000000,1414,0,9294,29383,333,830,1,333,319,644,24,296,357,333,11,0,0,0.000000,inf,inf,48,0.461491,0,0.652057,inf,0,0.009555,0.001921,0.011486,0.301513
154.498597,1786670548.059167,1769605594.257727,1769605594.357790,map_start,map,map_start,,,0.000000,0.000000,1436,0,9323,29443,333,826,1,333,318,635,24,295,358,333,8,0,0,0.000000,inf,inf,42,0.480355,0,0.585585,inf,0,0.009433,0.001938,0.011378,0.303176
154.903619,1786670548.461691,1769605594.657861,1769605594.757850,map_start,map,map_start,,,0.000000,0.000000,1387,0,9337,29476,335,817,1,335,319,633,24,296,359,335,9,0,0,0.000000,inf,inf,48,0.475267,0,0.349186,inf,0,0.010658,0.002037,0.012706,0.301092
155.291808,1786670548.844059,1769605595.057710,1769605595.057710,map_start,map,map_start,,,0.000000,0.000000,1379,0,9350,29505,332,794,1,332,321,636,24,298,360,332,1,0,0,0.000000,inf,inf,38,0.474597,0,0.348971,inf,0,0.010027,0.001947,0.011984,0.301630
155.692919,1786670549.246558,1769605595.357837,1769605595.457698,map_start,map,map_start,,,0.000000,0.000000,1426,0,9385,29573,333,799,1,333,322,634,26,297,361,333,1,0,0,0.000000,inf,inf,37,0.463700,0,0.312485,inf,0,0.009344,0.001900,0.011254,0.288010
156.107220,1786670549.659547,1769605595.757875,1769605595.857777,map_start,map,map_start,,,0.000000,0.000000,1451,0,9417,29620,331,768,1,331,322,627,26,297,362,331,1,0,0,0.000000,inf,inf,42,0.464000,0,0.274330,inf,0,0.009318,0.001979,0.011305,0.296887
156.508056,1786670550.062109,1769605596.057781,1769605596.157844,map_start,map,map_start,,,0.000000,0.000000,1506,0,9443,29681,333,757,1,333,323,628,25,299,363,333,1,0,0,0.000000,inf,inf,45,0.483253,0,0.247033,inf,0,0.009836,0.002029,0.011875,0.307692
156.903154,1786670550.454635,1769605596.457730,1769605596.557770,map_start,map,map_start,,,0.000000,0.000000,1591,0,9471,29774,331,740,1,331,322,622,24,299,364,331,1,0,0,0.000000,inf,inf,36,0.485876,0,0.225470,inf,0,0.010040,0.001993,0.012044,0.306306
157.297422,1786670550.857045,1769605596.757730,1769605596.857802,map_start,map,map_start,,,0.000000,0.000000,1661,0,9493,29850,327,734,1,327,322,619,26,297,365,327,1,0,0,0.000000,inf,inf,36,0.485756,0,0.423017,inf,0,0.009669,0.001975,0.011654,0.299151
157.705306,1786670551.259592,1769605597.157758,1769605597.257958,map_start,map,map_start,,,0.000000,0.000000,1737,0,9517,31208,327,740,1,327,325,637,25,301,366,327,12,0,0,0.000000,inf,inf,44,0.482704,0,0.451615,inf,0,0.009929,0.002284,0.012225,0.300286
158.100093,1786670551.652012,1769605597.557744,1769605597.557744,map_start,map,map_start,,,0.000000,0.000000,1791,0,9539,31306,331,741,1,331,327,649,25,303,367,331,3,0,0,0.000000,inf,inf,34,0.486415,0,0.411821,inf,0,0.010679,0.002052,0.012740,0.306502
158.501948,1786670552.054355,1769605597.857699,1769605597.957742,map_start,map,map_start,,,0.000000,0.000000,1857,0,9573,31422,331,740,2,329,326,640,26,301,368,329,3,0,0,0.000000,inf,inf,34,0.479537,0,0.377178,inf,0,0.010513,0.002116,0.012640,0.297824
158.920689,1786670552.476975,1769605598.257716,1769605598.357707,map_start,map,map_start,,,0.000000,0.000000,1895,0,9600,31526,335,736,3,332,326,632,27,300,369,1,0,0,0,0.000000,inf,inf,35,0.477795,0,0.363184,inf,0,0.011051,0.002042,0.013103,0.297748
159.356438,1786670552.909523,1769605598.657699,1769605598.755221,map_start,map,map_start,,,0.000000,0.000000,1975,0,9623,31884,337,740,2,335,328,634,28,301,370,335,1,0,0,0.000000,inf,inf,38,0.476498,0,0.360708,inf,0,0.014401,0.003314,0.017731,0.324373
159.736397,1786670553.291797,1769605598.957703,1769605599.057778,map_start,map,map_start,,,0.000000,0.000000,1996,0,9637,31940,339,761,3,336,327,629,29,299,371,1,0,0,0,0.000000,inf,inf,36,0.492621,0,0.340647,inf,0,0.009953,0.002055,0.012014,0.358042
160.159252,1786670553.714423,1769605599.357900,1769605599.457812,map_start,map,map_start,,,0.000000,0.000000,2001,0,9651,31984,338,749,1,338,327,625,29,299,372,338,1,0,0,0.000000,inf,inf,28,0.467107,0,0.349364,inf,0,0.009969,0.002046,0.012025,0.335229
