sequence,system_time,ros_time,message_stamp,source_frame,world_frame,odom_valid,graph_initialized,start_x,start_y,start_z,source_goal_x,source_goal_y,source_goal_z,goal_x,goal_y,goal_z,session_id,selection_in_session,odom_stamp,semantic_map_stamp,odom_age_wall_s,semantic_map_age_wall_s,start_heading_x,start_heading_y,start_heading_z,nav_graph_nodes,static_global_nodes,static_candidate_nodes,dynamic_local_nodes,current_static_points,current_dynamic_points,semantic_graph_dirty,planner_running,previous_waypoint_valid,previous_waypoint_x,previous_waypoint_y,previous_waypoint_z
1,2026-08-11T17:40:44.467,43.409000000,0.000000000,world,world,1,1,3.9759,18.0001,0.2912,8.0000,18.0000,0.3000,8.0000,18.0000,0.3000,,,,,,,,,,,,,,,,,,,,,
2,2026-08-11T17:44:25.966,227.407000000,227.136000000,world,world,1,1,3.9759,18.0001,0.2912,8.0000,18.0000,0.3000,8.0000,18.0000,0.3000,,,,,,,,,,,,,,,,,,,,,
1,2026-08-11T17:50:20.605,18.376000000,18.180000000,world,world,1,1,3.9772,18.0000,0.2901,40.0016,4.5585,0.0000,40.0016,4.5585,0.0000,,,,,,,,,,,,,,,,,,,,,
2,2026-08-11T17:51:33.186,77.570000000,77.186000000,world,world,1,1,36.9171,21.8192,0.2195,15.7165,-46.8163,0.0000,15.7165,-46.8163,0.0000,,,,,,,,,,,,,,,,,,,,,
3,2026-08-11T17:52:10.952,108.382000000,108.010000000,world,world,1,1,34.9002,-4.4858,0.2519,5.6213,-2.9270,0.0000,5.6213,-2.9270,0.0000,,,,,,,,,,,,,,,,,,,,,
4,2026-08-11T17:53:50.387,188.799000000,188.438000000,world,world,1,1,40.7852,-33.9762,0.1689,33.8834,-38.5445,0.0000,33.8834,-38.5445,0.0000,,,,,,,,,,,,,,,,,,,,,
5,2026-08-11T19:21:28.721,34.428000000,34.198000000,world,world,1,1,3.9759,18.0001,0.2912,37.3573,-2.0549,0.0000,37.3573,-2.0549,0.0000,2026-08-11T19:20:54.202,1,34.425000000,34.300000000,0.000635526,0.000081803,1.0000,-0.0001,0.0000,10,4,0,5,152,19,1,0,0,0.0000,0.0000,0.0000
6,2026-08-11T19:26:22.883,47.942000000,47.743000000,world,world,1,1,3.9759,18.0001,0.2912,41.1414,-5.3825,0.0000,41.1414,-5.3825,0.0000,2026-08-11T19:25:46.189,1,47.941000000,47.800000000,0.000837725,0.000135853,1.0000,-0.0001,0.0000,17,4,0,12,152,18,1,0,0,0.0000,0.0000,0.0000
7,2026-08-11T19:30:22.091,244.354000000,244.202000000,world,world,1,1,40.8785,-3.0901,0.2523,-22.9827,-17.6176,0.0000,-22.9827,-17.6176,0.0000,2026-08-11T19:25:46.189,2,244.330000000,244.200000000,0.023236440,0.000919973,0.0651,-0.9979,0.0000,83,89,6,0,1623,11,1,1,1,41.1414,-5.3825,0.3000
8,2026-08-11T19:34:17.440,27.200000000,27.165000000,world,world,1,1,3.9759,18.0001,0.2912,41.0694,-23.5600,0.0000,41.0694,-23.5600,0.0000,2026-08-11T19:33:44.657,1,27.188000000,27.100000000,0.000750257,0.000094873,1.0000,-0.0001,0.0000,13,4,0,8,152,15,1,0,0,0.0000,0.0000,0.0000
9,2026-08-11T19:57:44.192,53.602000000,53.591000000,world,world,1,1,3.9759,18.0001,0.2912,23.2628,-11.1924,0.0000,23.2628,-11.1924,0.0000,2026-08-11T19:56:39.676,1,53.587000000,53.500000000,0.000935621,0.000209047,1.0000,-0.0001,0.0000,17,4,0,12,152,23,1,0,0,0.0000,0.0000,0.0000
10,2026-08-11T19:59:29.278,34.887000000,34.782000000,world,world,1,1,3.9759,18.0001,0.2912,16.9529,-11.5382,0.0000,16.9529,-11.5382,0.0000,2026-08-11T19:58:56.938,1,34.886000000,34.800000000,0.000851526,0.000152197,1.0000,-0.0001,0.0000,10,4,0,5,152,19,1,0,0,0.0000,0.0000,0.0000
11,2026-08-11T20:00:02.619,62.087000000,61.883000000,world,world,1,1,13.6296,-1.5067,0.2360,24.8748,-38.3990,0.0000,24.8748,-38.3990,0.0000,2026-08-11T19:58:56.938,2,62.079000000,62.000000000,0.000002553,0.000254525,0.3255,-0.9456,0.0000,44,28,1,14,625,33,1,1,1,16.9529,-11.5382,0.0000
12,2026-08-11T20:00:15.043,72.095000000,72.012000000,world,world,1,1,16.2730,-11.5795,0.2355,29.7644,-57.8646,0.0000,29.7644,-57.8646,0.0000,2026-08-11T19:58:56.938,3,72.083000000,72.000000000,0.010065269,0.000622441,0.1814,-0.9834,0.0000,49,38,1,9,753,15,1,1,1,24.8748,-38.3990,0.0000
13,2026-08-11T20:04:06.989,36.924000000,36.788000000,world,world,1,1,3.9759,18.0001,0.2912,16.7851,-21.0784,0.0000,16.7851,-21.0784,0.0000,2026-08-11T20:03:33.356,1,36.911000000,36.800000000,0.000929266,0.000132340,1.0000,-0.0001,0.0000,10,4,0,5,152,19,1,0,0,0.0000,0.0000,0.0000
14,2026-08-11T20:04:16.971,44.917000000,44.829000000,world,world,1,1,4.7561,17.5262,0.2701,22.2649,-45.1335,0.0000,22.2649,-45.1335,0.0000,2026-08-11T20:03:33.356,2,44.905000000,44.800000000,0.001803409,0.000210018,0.2891,-0.9573,0.0000,33,20,2,11,352,23,1,1,1,1.0497,13.2625,0.7000
15,2026-08-11T20:05:12.376,90.125000000,89.955000000,world,world,1,1,14.7685,-8.5458,0.2583,25.9054,-61.4903,0.0000,25.9054,-61.4903,0.0000,2026-08-11T20:03:33.356,3,90.097000000,90.000000000,0.007526540,0.000332461,0.1641,-0.9864,0.0000,45,36,0,7,817,26,1,1,1,22.2649,-45.1335,0.0000
16,2026-08-11T20:10:26.537,335.335000000,335.110000000,world,world,1,1,36.5611,-45.4854,0.2710,37.7938,-46.2144,0.0000,37.7938,-46.2144,0.0000,2026-08-11T20:03:33.356,4,335.314000000,335.200000000,0.019335975,0.000279629,0.3963,-0.9181,0.0000,75,78,0,0,1256,0,1,1,1,25.9054,-61.4903,0.0000
17,2026-08-11T20:10:33.153,340.537000000,340.381000000,world,world,1,1,39.2178,-46.9114,0.2459,26.7587,-70.2357,0.0000,26.7587,-70.2357,0.0000,2026-08-11T20:03:33.356,5,340.501000000,340.400000000,0.019229569,0.000283266,0.9892,0.1468,0.0000,75,78,2,0,1173,0,1,1,1,37.7938,-46.2144,0.7000
18,2026-08-11T20:10:51.092,354.518000000,354.130000000,world,world,1,1,39.8931,-46.9075,0.2811,18.4785,-54.6744,0.0000,18.4785,-54.6744,0.0000,2026-08-11T20:03:33.356,6,354.114000000,354.000000000,0.492913131,0.477376072,0.8839,-0.4676,0.0000,75,78,0,0,1143,0,0,1,1,26.7587,-70.2357,0.0000
19,2026-08-11T20:29:51.089,19.203000000,19.166000000,world,world,1,1,3.9767,18.0000,0.2906,19.8124,-31.2863,0.0000,19.8124,-31.2863,0.0000,2026-08-11T20:29:28.798,1,19.194000000,19.100000000,0.001007139,0.000243553,1.0000,-0.0001,0.0000,10,4,0,5,152,50,1,0,0,0.0000,0.0000,0.0000
20,2026-08-11T20:30:39.775,59.604000000,59.587000000,world,world,1,1,9.6377,8.1815,0.2670,14.2232,4.5844,0.0000,14.2232,4.5844,0.0000,2026-08-11T20:29:28.798,2,59.603000000,59.500000000,0.000002882,0.000348310,-0.2528,-0.9675,0.0000,42,32,0,8,619,79,1,1,1,11.8257,7.0607,0.4050
21,2026-08-11T20:30:46.595,65.203000000,65.102000000,world,world,1,1,9.6372,8.1823,0.2670,9.7280,6.7424,0.0000,9.7280,6.7424,0.0000,2026-08-11T20:29:28.798,3,65.196000000,65.100000000,0.002457545,0.000177318,-0.2500,-0.9683,0.0000,42,32,0,8,617,79,1,1,1,14.2232,4.5844,0.0000
22,2026-08-11T20:30:50.586,68.402000000,68.093000000,world,world,1,1,9.3842,7.0189,0.2887,25.0812,-30.8732,0.0000,25.0812,-30.8732,0.0000,2026-08-11T20:29:28.798,4,68.396000000,68.300000000,0.003832218,0.000306532,0.0228,-0.9997,0.0000,42,32,0,8,638,80,1,1,1,9.7280,6.7424,0.7000
23,2026-08-11T20:30:58.431,74.803000000,74.597000000,world,world,1,1,9.4601,6.4600,0.2665,30.6699,-26.0519,0.0000,30.6699,-26.0519,0.0000,2026-08-11T20:29:28.798,5,74.797000000,74.700000000,0.002509650,0.000224278,0.6565,-0.7543,0.0000,42,32,0,8,710,80,1,1,1,12.2499,7.4849,0.4050
24,2026-08-11T20:31:02.831,78.409000000,78.046000000,world,world,1,1,9.4605,6.4610,0.2665,15.0773,2.6107,0.0000,15.0773,2.6107,0.0000,2026-08-11T20:29:28.798,6,78.385000000,77.900000000,0.000002664,0.478902351,0.6660,-0.7460,0.0000,42,32,0,8,710,80,0,1,1,12.2499,7.4849,0.4050
25,2026-08-11T20:31:06.202,81.200000000,81.137000000,world,world,1,1,9.4606,6.4612,0.2665,14.5169,5.3334,0.0000,14.5169,5.3334,0.0000,2026-08-11T20:29:28.798,7,81.189000000,81.100000000,0.003266240,0.000326986,0.6676,-0.7445,0.0000,42,32,0,8,710,80,1,1,1,12.2499,7.4849,0.4050
26,2026-08-11T20:31:12.292,86.401000000,86.058000000,world,world,1,1,9.4606,6.4612,0.2665,11.5941,6.2057,0.0000,11.5941,6.2057,0.0000,2026-08-11T20:29:28.798,8,86.393000000,85.900000000,0.000002891,0.467677202,0.6683,-0.7439,0.0000,42,32,0,8,710,80,0,1,1,14.5169,5.3334,0.7000
27,2026-08-11T20:31:17.007,90.403000000,90.087000000,world,world,1,1,9.4607,6.4612,0.2665,10.7338,6.8698,0.0000,10.7338,6.8698,0.0000,2026-08-11T20:29:28.798,9,90.388000000,90.300000000,0.003339334,0.000379064,0.6684,-0.7438,0.0000,42,32,0,8,710,80,1,1,1,11.5941,6.2057,0.7000
28,2026-08-11T20:32:30.065,25.263000000,24.916000000,world,world,1,1,3.9759,18.0001,0.2912,28.4725,-41.7550,0.0000,28.4725,-41.7550,0.0000,2026-08-11T20:32:01.169,1,25.259000000,25.100000000,0.000932377,0.000197422,1.0000,-0.0001,0.0000,13,4,0,8,152,22,1,0,0,0.0000,0.0000,0.0000
29,2026-08-11T20:37:46.260,282.481000000,282.314000000,world,world,1,1,27.9196,-42.3658,0.2719,42.4490,37.9346,0.0000,42.4490,37.9346,0.0000,2026-08-11T20:32:01.169,2,282.458000000,282.300000000,0.024599915,0.000796830,-0.6728,0.7398,0.0000,91,95,1,0,1793,0,1,1,1,28.4725,-41.7550,0.7000
30,2026-08-11T20:39:32.395,367.694000000,367.397000000,world,world,1,1,43.3110,29.6076,0.2196,30.1194,49.7324,0.0000,30.1194,49.7324,0.0000,2026-08-11T20:32:01.169,3,367.656000000,367.500000000,0.043129958,0.001231311,-0.0237,0.9997,0.0000,113,119,1,0,1120,0,1,1,1,42.4490,37.9346,0.0000
31,2026-08-11T20:39:42.325,375.664000000,375.283000000,world,world,1,1,44.6602,37.6389,0.2119,24.1000,45.4704,0.0000,24.1000,45.4704,0.0000,2026-08-11T20:32:01.169,4,375.658000000,375.100000000,0.000002986,0.418809080,0.1570,0.9876,0.0000,116,122,2,0,1154,0,0,1,1,45.7351,43.0255,0.7000
32,2026-08-11T20:40:00.456,390.090000000,389.854000000,world,world,1,1,35.3366,43.5969,0.2421,-21.7821,25.7158,0.0000,-21.7821,25.7158,0.0000,2026-08-11T20:32:01.169,5,390.050000000,389.900000000,0.036619439,0.000588010,-0.9845,0.1753,0.0000,120,126,1,0,1503,0,1,1,1,24.1000,45.4704,0.0000
33,2026-08-11T20:41:53.834,480.122000000,479.887000000,world,world,1,1,-21.4133,25.3084,0.2072,-9.9563,4.9086,0.0000,-9.9563,4.9086,0.0000,2026-08-11T20:32:01.169,6,480.053000000,479.900000000,0.071053272,0.002021579,0.5332,-0.8460,0.0000,139,156,0,0,990,0,1,1,1,-21.7821,25.7158,0.7000
34,2026-08-12T10:21:39.130,75.986000000,1786501298.415913820,world,world,1,1,3.9759,18.0001,0.2912,4.0000,12.0000,0.3000,4.0000,12.0000,0.3000,2026-08-12T10:20:22.681,1,75.567000000,75.500000000,0.494614059,0.493938902,1.0000,-0.0001,0.0000,13,4,0,8,152,15,0,0,0,0.0000,0.0000,0.0000
35,2026-08-12T10:22:02.522,95.586000000,1786501321.858464003,world,world,1,1,3.9759,18.0001,0.2912,4.0000,28.0000,0.3000,4.0000,28.0000,0.3000,2026-08-12T10:20:22.681,2,95.179000000,95.000000000,0.464375601,0.463621172,1.0000,-0.0001,0.0000,18,4,0,12,152,20,0,1,1,4.0000,12.0000,0.3000
36,2026-08-12T10:22:19.390,109.586000000,1786501338.887870312,world,world,1,1,3.9759,18.0001,0.2912,0.0000,16.0000,0.3000,0.0000,16.0000,0.3000,2026-08-12T10:20:22.681,3,109.575000000,109.500000000,0.000937358,0.000109948,1.0000,-0.0001,0.0000,11,4,0,5,152,21,1,1,1,4.0000,28.0000,0.3000
37,2026-08-12T10:25:36.135,39.061000000,38.738000000,world,world,1,1,3.9759,18.0001,0.2912,34.2115,-17.3665,0.0000,34.2115,-17.3665,0.0000,2026-08-12T10:25:02.118,1,39.059000000,38.900000000,0.001028899,0.000215316,1.0000,-0.0001,0.0000,10,4,0,5,152,28,1,0,0,0.0000,0.0000,0.0000
38,2026-08-12T10:27:15.664,120.260000000,120.010000000,world,world,1,1,38.4974,-14.6334,0.2627,10.8294,-39.9361,0.0000,10.8294,-39.9361,0.0000,2026-08-12T10:25:02.118,2,120.253000000,120.100000000,0.009952066,0.001478620,0.5668,0.8238,0.0000,57,50,0,7,912,34,1,1,1,39.0249,-14.6345,0.7000
39,2026-08-12T10:30:56.595,299.098000000,298.769000000,world,world,1,1,11.4271,-40.0319,0.1726,14.0287,45.7928,0.0000,14.0287,45.7928,0.0000,2026-08-12T10:25:02.118,3,299.077000000,298.900000000,0.000002370,0.003100495,0.9940,0.1094,0.0000,93,100,7,0,1282,35,1,1,1,10.8294,-39.9361,0.7000
40,2026-08-12T10:41:39.294,82.207000000,81.999000000,world,world,1,1,3.9759,18.0001,0.2912,18.4322,-26.7125,0.0000,18.4322,-26.7125,0.0000,2026-08-12T10:40:08.240,1,82.185000000,82.100000000,0.000928544,0.000122203,1.0000,-0.0001,0.0000,10,4,0,5,152,26,1,0,0,0.0000,0.0000,0.0000
41,2026-08-12T10:42:20.513,116.208000000,115.840000000,world,world,1,1,14.4481,-9.2808,0.2402,28.1009,-47.7588,0.0000,28.1009,-47.7588,0.0000,2026-08-12T10:40:08.240,2,116.184000000,115.700000000,0.000003242,0.471764002,0.1195,-0.9928,0.0000,62,48,0,12,807,28,0,1,1,18.4322,-26.7125,0.0000
42,2026-08-12T10:46:27.206,318.226000000,318.033000000,world,world,1,1,5.7072,-47.1390,0.2157,17.5353,-55.6836,0.0000,17.5353,-55.6836,0.0000,2026-08-12T10:40:08.240,3,318.224000000,318.000000000,0.000002930,0.001683409,0.9981,-0.0609,0.0000,87,85,6,0,1219,0,1,1,1,28.1009,-47.7588,0.0000
43,2026-08-12T12:27:18.331,1786508838.331790209,1786508838.154989719,world,world,1,1,-2.2154,5.3308,0.1323,3.5132,13.6717,0.1323,3.5132,13.6717,0.1323,2026-08-12T12:26:56.515,1,19.445000000,20.100000000,0.201981749,0.000265227,0.7360,0.6769,0.0000,24,22,1,0,209,0,1,0,0,0.0000,0.0000,0.0000
44,2026-08-12T12:27:26.733,1786508846.733958721,1786508846.713602543,world,world,1,1,3.3856,14.1987,0.1323,-4.0000,4.0000,0.1323,-4.0000,4.0000,0.1323,2026-08-12T12:26:56.515,2,53.771000000,53.700000000,0.000002169,0.000281169,0.9874,-0.1582,0.0000,51,31,0,18,566,91,1,1,1,3.5132,13.6717,-0.1000
45,2026-08-12T12:30:28.049,1786509028.049265146,1786509027.875449181,world,world,1,1,-4.0000,4.0000,0.1323,3.5132,13.6717,0.1323,3.5132,13.6717,0.1323,2026-08-12T12:30:09.440,1,15.128000000,14.900000000,0.000001874,0.198244801,1.0000,0.0000,0.0000,23,22,0,0,166,0,0,0,0,0.0000,0.0000,0.0000
46,2026-08-12T12:31:06.849,1786509066.849370956,1786509066.655477762,world,world,1,1,3.3946,14.1953,0.1323,-4.0000,4.0000,0.1323,-4.0000,4.0000,0.1323,2026-08-12T12:30:09.440,2,53.792000000,53.600000000,0.188356280,0.189030404,0.9861,-0.1660,0.0000,53,33,1,18,566,89,0,1,1,3.5132,13.6717,-0.1000
47,2026-08-12T12:32:44.621,1786509164.621942520,1786509164.547125578,world,world,1,1,-4.0000,4.0000,0.1323,3.5132,13.6717,0.1323,3.5132,13.6717,0.1323,2026-08-12T12:32:32.606,1,15.246000000,15.100000000,0.000002851,0.000209543,1.0000,0.0000,0.0000,23,22,0,0,166,0,1,0,0,0.0000,0.0000,0.0000
48,2026-08-12T12:33:23.231,1786509203.231099367,1786509203.182398319,world,world,1,1,3.4113,14.1888,0.1323,-4.0000,4.0000,0.1323,-4.0000,4.0000,0.1323,2026-08-12T12:32:32.606,2,53.831000000,53.700000000,0.000003526,0.000576042,0.9836,-0.1805,0.0000,53,33,0,18,566,91,1,1,1,3.5132,13.6717,-0.1000
49,2026-08-12T13:35:34.198,42.896000000,42.859000000,world,world,1,1,3.9759,18.0001,0.2912,11.9621,-57.3682,0.0000,11.9621,-57.3682,0.0000,2026-08-12T13:34:53.107,1,42.893000000,42.800000000,0.000878628,0.000115540,1.0000,-0.0001,0.0000,14,4,0,9,152,19,1,0,0,0.0000,0.0000,0.0000
50,2026-08-12T17:36:00.848,2398.762000000,0.000000000,world,world,1,1,3.9755,18.0001,0.2907,11.9621,-57.3682,0.0000,11.9621,-57.3682,0.0000,2026-08-12T16:52:03.873,1,2398.749000000,2398.600000000,0.001546931,0.000146549,1.0000,-0.0001,0.0000,13,4,0,8,152,21,1,0,0,0.0000,0.0000,0.0000
51,2026-08-12T17:45:11.486,2841.160000000,0.000000000,world,world,1,1,3.9755,18.0001,0.2906,15.0000,28.0000,0.0000,15.0000,28.0000,0.0000,2026-08-12T16:52:03.873,2,2841.134000000,2841.000000000,0.001378506,0.000119301,1.0000,-0.0001,0.0000,14,4,0,8,152,15,1,1,1,11.9621,-57.3682,0.0000
52,2026-08-12T17:57:46.903,42.828000000,42.637000000,world,world,1,1,3.9759,18.0001,0.2912,15.1283,-45.1492,0.0000,15.1283,-45.1492,0.0000,2026-08-12T17:57:10.445,1,42.808000000,42.700000000,0.000625794,0.000096565,1.0000,-0.0001,0.0000,14,4,0,9,152,16,1,0,0,0.0000,0.0000,0.0000
53,2026-08-12T17:59:17.334,116.427000000,116.064000000,world,world,1,1,24.3533,-24.2723,0.2426,27.4998,-61.3757,0.0000,27.4998,-61.3757,0.0000,2026-08-12T17:57:10.445,2,116.414000000,115.900000000,0.000001967,0.473560813,0.9075,-0.4202,0.0000,76,63,17,6,1025,35,0,1,1,37.2951,-30.8832,0.2432
54,2026-08-12T18:00:23.703,170.046000000,170.013000000,world,world,1,1,33.6324,-18.1734,0.2757,37.7528,-15.5000,0.0000,37.7528,-15.5000,0.0000,2026-08-12T17:57:10.445,3,170.025000000,169.900000000,0.017521047,0.001972704,-0.8154,0.5789,0.0000,95,75,40,16,1531,18,1,1,1,33.5454,-17.2748,0.7000
55,2026-08-12T18:00:28.556,174.043000000,174.009000000,world,world,1,1,33.6324,-18.1734,0.2757,35.5408,-20.3782,0.0000,35.5408,-20.3782,0.0000,2026-08-12T17:57:10.445,4,174.024000000,173.900000000,0.015748774,0.001303600,-0.8154,0.5789,0.0000,95,75,40,16,1531,18,1,1,1,38.5679,-21.2423,0.7000
56,2026-08-12T18:00:46.280,188.442000000,188.376000000,world,world,1,1,36.8593,-19.9379,0.2565,29.7675,-69.5310,0.0000,29.7675,-69.5310,0.0000,2026-08-12T17:57:10.445,5,188.406000000,188.300000000,0.014268132,0.001135073,0.3969,0.9178,0.0000,95,75,40,16,1240,44,1,1,1,35.5408,-20.3782,0.7000
57,2026-08-12T18:47:36.671,29.725000000,29.354000000,world,world,1,1,3.9759,18.0001,0.2912,30.1457,-37.0136,0.0000,30.1457,-37.0136,0.0000,2026-08-12T18:47:08.927,1,29.712000000,29.200000000,0.000003566,0.468384762,1.0000,-0.0001,0.0000,8,4,0,3,152,15,0,0,0,0.0000,0.0000,0.0000
58,2026-08-12T18:51:44.795,232.133000000,231.892000000,world,world,1,1,-12.7044,-24.5973,0.2757,-12.3286,-25.6023,0.0000,-12.3286,-25.6023,0.0000,2026-08-12T18:47:08.927,2,232.120000000,232.000000000,0.013110947,0.001040743,0.9923,0.1238,0.0000,60,54,4,0,843,12,1,1,1,-14.7571,-42.8898,0.2674
59,2026-08-12T18:51:50.695,236.922000000,236.580000000,world,world,1,1,-11.4911,-25.8729,0.2431,-4.4451,-47.9991,0.0000,-4.4451,-47.9991,0.0000,2026-08-12T18:47:08.927,3,236.912000000,236.400000000,0.000003389,0.491773313,-0.2156,-0.9765,0.0000,60,54,4,0,842,15,0,1,1,-12.3286,-25.6023,0.7000
60,2026-08-12T18:51:59.177,243.736000000,243.497000000,world,world,1,1,-14.3471,-30.1007,0.2627,32.1347,-47.7278,0.0000,32.1347,-47.7278,0.0000,2026-08-12T18:47:08.927,4,243.706000000,243.600000000,0.015941496,0.001229671,-0.8433,-0.5374,0.0000,61,56,5,0,839,3,1,1,1,-27.4971,-36.4920,0.2575
61,2026-08-12T18:53:09.956,300.947000000,300.915000000,world,world,1,1,0.1021,-46.3729,0.2655,19.9729,-66.8009,0.0000,19.9729,-66.8009,0.0000,2026-08-12T18:47:08.927,5,300.908000000,300.800000000,0.022437290,0.002202466,1.0000,-0.0075,0.0000,88,76,15,0,1346,0,1,1,1,32.1347,-47.7278,0.0000
62,2026-08-12T18:58:45.165,568.121000000,567.774000000,world,world,1,1,-32.4552,31.4589,0.2693,-27.1274,22.9644,0.0000,-27.1274,22.9644,0.0000,2026-08-12T18:47:08.927,6,568.112000000,567.600000000,0.000002928,0.473204025,-0.7649,-0.6442,0.0000,132,126,7,0,1318,0,0,1,1,-32.4369,30.3866,0.7000
63,2026-08-12T18:58:50.827,572.569000000,572.379000000,world,world,1,1,-32.3240,28.4476,0.2562,3.4968,-61.1046,0.0000,3.4968,-61.1046,0.0000,2026-08-12T18:47:08.927,7,572.500000000,572.300000000,0.058132512,0.004861574,0.6280,-0.7782,0.0000,130,126,5,0,892,0,1,1,1,-27.1274,22.9644,0.0000
64,2026-08-12T19:37:16.523,72.724000000,72.423000000,world,world,1,1,3.9759,18.0001,0.2912,31.7496,-96.9328,0.0000,31.7496,-96.9328,0.0000,2026-08-12T19:36:44.961,1,72.718000000,72.600000000,0.000552175,0.000074915,1.0000,-0.0001,0.0000,8,4,0,3,152,15,1,0,0,0.0000,0.0000,0.0000
