wall_elapsed_s,ros_time,map_stamp,odom_stamp,map_frame,source_odom_frame,graph_frame,goal_frame,path_frame,initial_position_error_m,initial_yaw_error_deg,static_points,dynamic_points,graph_static_points,accumulated_static_points,graph_nodes,graph_edges,graph_components,largest_component,robot_component,robot_degree,blocked_edges,path_poses,path_length_m,path_goal_error_m,path_min_clearance_m,graph_edges_checked,graph_min_clearance_m,graph_clearance_violations,robot_static_clearance_m,waypoint_path_distance_m,reached,semantic_snapshot_s,semantic_update_s,semantic_callback_s,main_loop_s
3.837605,1786670396.959069,1769605459.457861,1769605459.457861,map_start,map,map_start,,,0.000000,0.000000,364,0,109,364,22,58,1,22,22,12,0,0,0.000000,inf,inf,32,0.485995,0,1.311488,inf,0,0.003672,0.000829,0.004530,0.016040
3.840894,1786670396.964105,1769605459.457861,1769605459.457861,map_start,map,map_start,,,0.000000,0.000000,364,0,109,364,22,58,1,22,22,12,0,0,0.000000,inf,inf,32,0.485995,0,1.311488,inf,0,0.003672,0.000829,0.004530,0.016040
4.641901,1786670397.362621,1769605459.857742,1769605459.857742,map_start,map,map_start,,,0.000000,0.000000,420,0,133,432,22,57,1,22,22,11,0,0,0.000000,inf,inf,31,0.461736,0,1.039230,inf,0,0.000434,0.000086,0.000527,0.000066
5.452487,1786670397.765495,1769605460.157801,1769605460.157801,map_start,map,map_start,,,0.000000,0.000000,480,0,157,492,23,57,1,23,23,9,0,0,0.000000,inf,inf,29,0.473785,0,1.039506,inf,0,0.001927,0.000457,0.002414,0.017490
6.246183,1786670398.163570,1769605460.557768,1769605460.557768,map_start,map,map_start,,,0.000000,0.000000,536,0,181,544,21,46,1,21,21,7,0,0,0.000000,inf,inf,25,0.473785,0,1.039506,inf,0,0.000706,0.000578,0.001296,0.017490
7.054056,1786670398.567210,1769605460.857878,1769605460.957700,map_start,map,map_start,,,0.000000,0.000000,548,0,185,568,22,49,1,22,22,7,0,0,0.000000,inf,inf,26,0.473785,0,1.039506,inf,0,0.002126,0.000481,0.002640,0.005646
7.852037,1786670398.965545,1769605461.257947,1769605461.257947,map_start,map,map_start,,,0.000000,0.000000,560,0,201,584,22,50,1,22,22,8,0,0,0.000000,inf,inf,28,0.478615,0,1.041107,inf,0,0.001865,0.000397,0.002285,0.016588
8.661346,1786670399.373617,1769605461.557801,1769605461.657746,map_start,map,map_start,,,0.000000,0.000000,564,0,204,588,22,52,1,22,22,8,0,0,0.000000,inf,inf,28,0.478615,0,1.041107,inf,0,0.002187,0.000384,0.002593,0.018589
9.452803,1786670399.766623,1769605461.957834,1769605462.057748,map_start,map,map_start,,,0.000000,0.000000,560,0,207,596,23,54,1,23,23,8,0,0,0.000000,inf,inf,28,0.478615,0,1.041107,inf,0,0.001929,0.000394,0.002346,0.015236
10.242346,1786670400.164817,1769605462.357857,1769605462.357857,map_start,map,map_start,,,0.000000,0.000000,576,0,215,608,22,52,1,22,22,8,0,0,0.000000,inf,inf,27,0.473531,0,1.039914,inf,0,0.001689,0.000300,0.002008,0.009391
11.060998,1786670400.572772,1769605462.657860,1769605462.757703,map_start,map,map_start,,,0.000000,0.000000,624,0,231,656,25,60,1,25,25,8,0,0,0.000000,inf,inf,30,0.476712,0,1.039914,inf,0,0.002424,0.000518,0.002979,0.021294
11.853467,1786670400.970397,1769605463.057787,1769605463.057787,map_start,map,map_start,,,0.000000,0.000000,632,0,231,664,25,59,1,25,25,8,0,0,0.000000,inf,inf,30,0.476712,0,1.039914,inf,0,0.002151,0.000415,0.002597,0.021294
12.656969,1786670401.368524,1769605463.358770,1769605463.457826,map_start,map,map_start,,,0.000000,0.000000,624,0,231,672,29,62,2,27,27,7,0,0,0.000000,inf,inf,31,0.480433,0,1.039317,inf,0,0.002450,0.000508,0.002989,0.018956
13.448943,1786670401.766392,1769605463.757796,1769605463.757796,map_start,map,map_start,,,0.000000,0.000000,636,0,242,704,29,62,2,27,27,7,0,0,0.000000,inf,inf,31,0.455408,0,1.039317,inf,0,0.002133,0.000426,0.002586,0.015827
14.250959,1786670402.164751,1769605464.057722,1769605464.157863,map_start,map,map_start,,,0.000000,0.000000,652,0,245,708,27,62,1,27,27,8,0,0,0.000000,inf,inf,32,0.485456,0,1.037916,inf,0,0.002307,0.000446,0.002774,0.012061
15.052995,1786670402.568280,1769605464.457789,1769605464.557767,map_start,map,map_start,,,0.000000,0.000000,664,0,253,712,29,74,1,29,29,7,0,0,0.000000,inf,inf,31,0.485456,0,1.037916,inf,0,0.002036,0.000453,0.002515,0.012899
15.866188,1786670402.976182,1769605464.857798,1769605464.857798,map_start,map,map_start,,,0.000000,0.000000,656,0,250,716,29,74,1,29,29,7,0,0,0.000000,inf,inf,31,0.485456,0,1.037916,inf,0,0.002580,0.000443,0.003057,0.029663
16.657106,1786670403.369291,1769605465.157680,1769605465.257789,map_start,map,map_start,,,0.000000,0.000000,668,0,252,724,29,75,1,29,29,7,0,0,0.000000,inf,inf,31,0.455827,0,1.037884,inf,0,0.002189,0.000424,0.002644,0.029663
17.458219,1786670403.772256,1769605465.557701,1769605465.557701,map_start,map,map_start,,,0.000000,0.000000,660,0,262,740,29,75,1,29,29,7,0,0,0.000000,inf,inf,30,0.455827,0,1.037884,inf,0,0.002463,0.000438,0.002933,0.020367
18.261985,1786670404.170970,1769605465.857830,1769605465.957759,map_start,map,map_start,,,0.000000,0.000000,676,0,285,768,33,97,1,33,33,9,0,0,0.000000,inf,inf,38,0.486200,0,1.037884,inf,0,0.003355,0.000578,0.003969,0.026002
19.056495,1786670404.568784,1769605466.157845,1769605466.257717,map_start,map,map_start,,,0.000000,0.000000,763,0,323,831,37,97,2,36,1,0,0,0,0.000000,inf,inf,33,0.469297,0,0.809739,inf,0,0.002661,0.000531,0.003224,0.015665
19.866039,1786670404.973362,1769605466.557896,1769605466.657809,map_start,map,map_start,,,0.000000,0.000000,759,0,326,851,37,93,2,36,1,0,0,0,0.000000,inf,inf,34,0.469297,0,0.809739,inf,0,0.002719,0.000611,0.003435,0.026106
20.665321,1786670405.376448,1769605466.957787,1769605467.057767,map_start,map,map_start,,,0.000000,0.000000,859,0,361,947,37,89,2,36,1,0,0,0,0.000000,inf,inf,28,0.473552,0,0.809739,inf,0,0.002819,0.000569,0.003412,0.029240
21.462335,1786670405.770062,1769605467.357737,1769605467.357737,map_start,map,map_start,,,0.000000,0.000000,967,0,412,1047,42,91,2,41,1,0,0,0,0.000000,inf,inf,35,0.493612,0,0.580748,inf,0,0.002388,0.000426,0.002830,0.029313
22.274170,1786670406.178761,1769605467.657676,1769605467.757705,map_start,map,map_start,,,0.000000,0.000000,1013,0,438,1129,40,81,2,39,1,0,0,0,0.000000,inf,inf,33,0.500046,0,0.580748,inf,0,0.003266,0.000680,0.003972,0.029313
23.067025,1786670406.572810,1769605468.057817,1769605468.057817,map_start,map,map_start,,,0.000000,0.000000,1081,0,482,1177,46,92,2,45,1,0,0,0,0.000000,inf,inf,37,0.489514,0,0.580748,inf,0,0.003435,0.000728,0.004190,0.027789
23.856404,1786670406.971465,1769605468.357821,1769605468.457785,map_start,map,map_start,,,0.000000,0.000000,1259,0,556,1354,48,99,2,47,1,0,0,0,0.000000,inf,inf,45,0.494643,0,0.525080,inf,0,0.001194,0.000230,0.001432,0.019430
24.673663,1786670407.379851,1769605468.757795,1769605468.757795,map_start,map,map_start,,,0.000000,0.000000,1380,0,593,1511,46,99,2,45,1,0,0,0,0.000000,inf,inf,43,0.503252,0,0.525080,inf,0,0.004552,0.001156,0.005737,0.019430
25.483394,1786670407.783894,1769605469.157821,1769605469.157821,map_start,map,map_start,,,0.000000,0.000000,1528,0,653,1643,47,99,2,46,1,0,0,0,0.000000,inf,inf,35,0.492711,0,0.661262,inf,0,0.004405,0.001210,0.005653,0.040412
26.273880,1786670408.177270,1769605469.457753,1769605469.457753,map_start,map,map_start,,,0.000000,0.000000,1676,0,709,1807,41,88,2,40,1,0,0,0,0.000000,inf,inf,28,0.480965,0,0.661262,inf,0,0.004093,0.001033,0.005153,0.035728
27.066901,1786670408.575500,1769605469.857767,1769605469.857767,map_start,map,map_start,,,0.000000,0.000000,1735,0,738,1870,40,82,2,39,1,0,0,0,0.000000,inf,inf,28,0.492046,0,0.792622,inf,0,0.004115,0.001045,0.005188,0.032228
27.883059,1786670408.984073,1769605470.157923,1769605470.257796,map_start,map,map_start,,,0.000000,0.000000,1855,0,796,1974,37,78,2,36,1,0,0,0,0.000000,inf,inf,28,0.477232,0,0.826070,inf,0,0.004377,0.001206,0.005620,0.032228
28.677768,1786670409.382176,1769605470.557749,1769605470.557749,map_start,map,map_start,,,0.000000,0.000000,1960,0,874,2137,43,80,2,42,1,0,0,0,0.000000,inf,inf,33,0.490928,0,0.698414,inf,0,0.005014,0.001199,0.006240,0.041059
29.478494,1786670409.780641,1769605470.857691,1769605470.957817,map_start,map,map_start,,,0.000000,0.000000,2073,0,948,2283,46,90,2,45,1,0,0,0,0.000000,inf,inf,33,0.480954,0,0.327817,inf,0,0.005170,0.001291,0.006485,0.043512
30.281838,1786670410.183604,1769605471.257880,1769605471.257880,map_start,map,map_start,,,0.000000,0.000000,2115,0,992,2356,48,94,2,47,1,0,0,0,0.000000,inf,inf,38,0.491750,0,0.322917,inf,0,0.003082,0.000750,0.003847,0.041000
31.079109,1786670410.581612,1769605471.557762,1769605471.657726,map_start,map,map_start,,,0.000000,0.000000,2103,0,1019,2395,46,94,2,45,1,0,0,0,0.000000,inf,inf,38,0.478427,0,0.358509,inf,0,0.006421,0.001317,0.007764,0.041000
31.864188,1786670410.974574,1769605471.957796,1769605471.957796,map_start,map,map_start,,,0.000000,0.000000,2102,0,1046,2435,47,90,1,47,47,5,0,0,0.000000,inf,inf,41,0.454706,0,0.636368,inf,0,0.001417,0.000344,0.001770,0.031501
32.687270,1786670411.383145,1769605472.257710,1769605472.357723,map_start,map,map_start,,,0.000000,0.000000,2100,0,1061,2459,43,92,1,43,43,8,0,0,0.000000,inf,inf,41,0.474337,0,0.663247,inf,0,0.005918,0.001513,0.007459,0.046296
33.502355,1786670411.792071,1769605472.657699,1769605472.757741,map_start,map,map_start,,,0.000000,0.000000,2140,0,1104,2529,58,144,1,58,58,9,0,0,0.000000,inf,inf,51,0.464701,0,0.679784,inf,0,0.006459,0.000552,0.007022,0.046296
34.286041,1786670412.185492,1769605473.057774,1769605473.057774,map_start,map,map_start,,,0.000000,0.000000,2187,0,1138,2595,52,118,1,52,52,9,0,0,0.000000,inf,inf,44,0.474219,0,0.850085,inf,0,0.004706,0.000702,0.005420,0.063566
35.104805,1786670412.593826,1769605473.357780,1769605473.457622,map_start,map,map_start,,,0.000000,0.000000,2237,0,1211,2699,52,108,2,51,1,0,0,0,0.000000,inf,inf,30,0.471143,0,0.623690,inf,0,0.005693,0.001566,0.007283,0.063430
35.898647,1786670412.991967,1769605473.757843,1769605473.857809,map_start,map,map_start,,,0.000000,0.000000,2285,0,1258,2787,61,141,1,61,61,11,0,0,0.000000,inf,inf,45,0.474500,0,0.628755,inf,0,0.003380,0.000916,0.004312,0.060710
36.707704,1786670413.395357,1769605474.157850,1769605474.157850,map_start,map,map_start,,,0.000000,0.000000,2346,0,1303,2862,62,130,2,61,1,0,0,0,0.000000,inf,inf,37,0.472825,0,0.631157,inf,0,0.002581,0.000716,0.003317,0.060710
37.519826,1786670413.799285,1769605474.457772,1769605474.557888,map_start,map,map_start,,,0.000000,0.000000,2437,0,1361,2964,57,120,1,57,57,10,0,0,0.000000,inf,inf,41,0.498974,0,0.627462,inf,0,0.006141,0.001751,0.007924,0.076578
38.302663,1786670414.192509,1769605474.857772,1769605474.857772,map_start,map,map_start,,,0.000000,0.000000,2465,0,1367,3063,62,130,1,62,62,10,0,0,0.000000,inf,inf,47,0.496784,0,0.640527,inf,0,0.006103,0.000886,0.007023,0.063783
39.109922,1786670414.596550,1769605475.157749,1769605475.257842,map_start,map,map_start,,,0.000000,0.000000,2532,0,1415,3157,62,127,1,62,62,10,0,0,0.000000,inf,inf,44,0.484266,0,0.633125,inf,0,0.007100,0.001857,0.008987,0.063783
39.907080,1786670414.994636,1769605475.557784,1769605475.557784,map_start,map,map_start,,,0.000000,0.000000,2529,0,1423,3207,61,123,1,61,61,10,0,0,0.000000,inf,inf,44,0.487127,0,0.648332,inf,0,0.006994,0.001781,0.008806,0.072826
40.712324,1786670415.397875,1769605475.957720,1769605475.957720,map_start,map,map_start,,,0.000000,0.000000,2630,0,1474,3319,59,118,1,59,59,10,0,0,0.000000,inf,inf,40,0.493676,0,0.628432,inf,0,0.007445,0.000474,0.007928,0.074446
41.525113,1786670415.806293,1769605476.257735,1769605476.357736,map_start,map,map_start,,,0.000000,0.000000,2668,0,1522,3415,68,154,1,68,68,11,0,0,0.000000,inf,inf,42,0.486627,0,0.631164,inf,0,0.007130,0.000730,0.007871,0.088446
42.330095,1786670416.204329,1769605476.657813,1769605476.657813,map_start,map,map_start,,,0.000000,0.000000,2620,0,1542,3451,69,158,1,69,69,11,0,0,0.000000,inf,inf,44,0.490302,0,0.635105,inf,0,0.006247,0.000509,0.006765,0.087359
43.124613,1786670416.602217,1769605476.957803,1769605477.057748,map_start,map,map_start,,,0.000000,0.000000,2586,0,1561,3507,65,150,1,65,65,11,0,0,0.000000,inf,inf,40,0.483044,0,0.599237,inf,0,0.007429,0.001925,0.009383,0.086029
43.933622,1786670417.010191,1769605477.357692,1769605477.457819,map_start,map,map_start,,,0.000000,0.000000,2624,0,1618,3579,74,176,1,74,74,12,0,0,0.000000,inf,inf,44,0.487196,0,0.602410,inf,0,0.005668,0.001722,0.007415,0.099839
44.773433,1786670417.428494,1769605477.757705,1769605477.757705,map_start,map,map_start,,,0.000000,0.000000,2639,0,1667,3678,77,177,1,77,77,11,0,0,0.000000,inf,inf,46,0.503409,0,0.656388,inf,0,0.008546,0.002054,0.010631,0.099839
45.548616,1786670417.817205,1769605478.057775,1769605478.157815,map_start,map,map_start,,,0.000000,0.000000,2626,0,1717,3752,84,190,1,84,84,11,0,0,0.000000,inf,inf,52,0.508958,0,0.657834,inf,0,0.008199,0.002082,0.010304,0.132573
46.358909,1786670418.220847,1769605478.357828,1769605478.457741,map_start,map,map_start,,,0.000000,0.000000,2615,0,1726,3841,84,194,1,84,84,11,0,0,0.000000,inf,inf,50,0.485688,0,0.658685,inf,0,0.009495,0.002063,0.011592,0.109414
47.159698,1786670418.619453,1769605478.757745,1769605478.857793,map_start,map,map_start,,,0.000000,0.000000,2664,0,1799,3952,81,172,2,80,1,0,0,0,0.000000,inf,inf,37,0.466896,0,0.672070,inf,0,0.008305,0.001825,0.010157,0.124103
47.958404,1786670419.022926,1769605479.157781,1769605479.157781,map_start,map,map_start,,,0.000000,0.000000,2701,0,1856,4047,82,180,1,82,82,11,0,0,0.000000,inf,inf,53,0.475514,0,0.603182,inf,0,0.007863,0.000881,0.008758,0.117964
48.769425,1786670419.426250,1769605479.457722,1769605479.557718,map_start,map,map_start,,,0.000000,0.000000,2716,0,1952,4171,83,164,2,82,1,0,0,0,0.000000,inf,inf,41,0.479538,0,0.335855,inf,0,0.009150,0.002338,0.011511,0.118886
49.578543,1786670419.829739,1769605479.857860,1769605479.957710,map_start,map,map_start,,,0.000000,0.000000,2724,0,2004,4287,86,173,2,85,1,0,0,0,0.000000,inf,inf,46,0.470476,0,0.337619,inf,0,0.011898,0.002209,0.014133,0.133883
50.378742,1786670420.233034,1769605480.257801,1769605480.257801,map_start,map,map_start,,,0.000000,0.000000,2798,0,2049,4421,86,170,2,85,1,0,0,0,0.000000,inf,inf,40,0.496970,0,0.326915,inf,0,0.002522,0.000622,0.003153,0.146403
51.182576,1786670420.630968,1769605480.557717,1769605480.657696,map_start,map,map_start,,,0.000000,0.000000,2845,0,2094,4532,85,170,2,84,1,0,0,0,0.000000,inf,inf,44,0.488872,0,0.326409,inf,0,0.008627,0.001468,0.010115,0.140360
52.002541,1786670421.043695,1769605480.957757,1769605480.957757,map_start,map,map_start,,,0.000000,0.000000,2796,0,2098,4608,83,166,2,82,1,0,0,0,0.000000,inf,inf,38,0.487026,0,0.311666,inf,0,0.011427,0.002281,0.013734,0.147929
52.787284,1786670421.436630,1769605481.257692,1769605481.357685,map_start,map,map_start,,,0.000000,0.000000,2759,0,2121,4630,87,170,2,86,1,0,0,0,0.000000,inf,inf,45,0.478289,0,0.306346,inf,0,0.007873,0.001232,0.009121,0.162541
53.582657,1786670421.830583,1769605481.657768,1769605481.657768,map_start,map,map_start,,,0.000000,0.000000,2762,0,2145,4686,90,176,2,89,1,0,0,0,0.000000,inf,inf,43,0.478605,0,0.306034,inf,0,0.004600,0.001038,0.005648,0.151417
54.416926,1786670422.249235,1769605481.957730,1769605482.057734,map_start,map,map_start,,,0.000000,0.000000,2765,0,2178,4755,92,184,2,91,1,0,0,0,0.000000,inf,inf,46,0.478605,0,0.303355,inf,0,0.011576,0.002803,0.014413,0.175881
55.202365,1786670422.642038,1769605482.357692,1769605482.457830,map_start,map,map_start,,,0.000000,0.000000,2720,0,2210,4828,92,181,2,91,1,0,0,0,0.000000,inf,inf,45,0.470910,0,0.305582,inf,0,0.006092,0.001035,0.007139,0.165654
56.000824,1786670423.040249,1769605482.757811,1769605482.757811,map_start,map,map_start,,,0.000000,0.000000,2692,0,2232,4907,88,172,2,87,1,0,0,0,0.000000,inf,inf,42,0.475649,0,0.299934,inf,0,0.006662,0.000644,0.007313,0.165654
56.810734,1786670423.448320,1769605483.057814,1769605483.157770,map_start,map,map_start,,,0.000000,0.000000,2650,0,2262,4952,86,153,2,85,1,0,0,0,0.000000,inf,inf,38,0.476830,0,0.538816,inf,0,0.006356,0.000644,0.007015,0.167525
57.608375,1786670423.846689,1769605483.457763,1769605483.457763,map_start,map,map_start,,,0.000000,0.000000,2620,0,2273,5000,97,207,1,97,97,8,0,0,0.000000,inf,inf,57,0.486320,0,0.562195,inf,0,0.007638,0.000672,0.008319,0.171926
58.430213,1786670424.254906,1769605483.757750,1769605483.857711,map_start,map,map_start,,,0.000000,0.000000,2563,0,2304,5046,105,233,1,105,105,12,0,0,0.000000,inf,inf,66,0.468512,0,0.571573,inf,0,0.012055,0.002609,0.014688,0.171926
59.238777,1786670424.662924,1769605484.157765,1769605484.257813,map_start,map,map_start,,,0.000000,0.000000,2506,0,2320,5114,102,219,1,102,102,16,0,0,0.000000,inf,inf,70,0.470398,0,0.576144,inf,0,0.011646,0.002012,0.013683,0.197212
60.022258,1786670425.050561,1769605484.557889,1769605484.557889,map_start,map,map_start,,,0.000000,0.000000,2629,0,2357,7743,92,180,1,92,92,9,0,0,0.000000,inf,inf,53,0.464889,0,0.570145,inf,0,0.004477,0.001569,0.006064,0.199279
60.832670,1786670425.458730,1769605484.857750,1769605484.957796,map_start,map,map_start,,,0.000000,0.000000,2408,0,2354,7847,88,175,1,88,88,9,0,0,0.000000,inf,inf,52,0.471807,0,0.575022,inf,0,0.011635,0.002106,0.013767,0.187809
61.614060,1786670425.846404,1769605485.257726,1769605485.257726,map_start,map,map_start,,,0.000000,0.000000,2381,0,2384,7899,85,171,1,85,85,10,0,0,0.000000,inf,inf,53,0.475280,0,0.570091,inf,0,0.008097,0.000694,0.008801,0.191777
62.423323,1786670426.254898,1769605485.557824,1769605485.657712,map_start,map,map_start,,,0.000000,0.000000,2307,0,2418,7927,89,175,1,89,89,11,0,0,0.000000,inf,inf,50,0.473473,0,0.582687,inf,0,0.012615,0.002581,0.015227,0.189485
63.226149,1786670426.653419,1769605485.957821,1769605485.957821,map_start,map,map_start,,,0.000000,0.000000,2324,0,2436,7996,89,175,1,89,89,11,0,0,0.000000,inf,inf,50,0.476933,0,0.573858,inf,0,0.012118,0.001598,0.013737,0.186061
64.024155,1786670427.051085,1769605486.257750,1769605486.357854,map_start,map,map_start,,,0.000000,0.000000,2360,0,2465,8228,92,182,1,92,92,14,0,0,0.000000,inf,inf,52,0.470129,0,0.579981,inf,0,0.008953,0.001088,0.010054,0.186061
64.828543,1786670427.454804,1769605486.657927,1769605486.757730,map_start,map,map_start,,,0.000000,0.000000,2378,0,2505,8339,92,179,1,92,92,11,0,0,0.000000,inf,inf,50,0.463863,0,0.580738,inf,0,0.012311,0.001962,0.014296,0.195698
65.641844,1786670427.863237,1769605487.057713,1769605487.057713,map_start,map,map_start,,,0.000000,0.000000,2412,0,2555,8484,98,196,1,98,98,18,0,0,0.000000,inf,inf,61,0.467811,0,0.576861,inf,0,0.008670,0.002076,0.010757,0.195698
66.460699,1786670428.271651,1769605487.357722,1769605487.457716,map_start,map,map_start,,,0.000000,0.000000,2447,0,2609,8624,91,170,1,91,91,14,0,0,0.000000,inf,inf,48,0.473797,0,0.588913,inf,0,0.011261,0.002855,0.014149,0.201583
67.265715,1786670428.675826,1769605487.757697,1769605487.757697,map_start,map,map_start,,,0.000000,0.000000,2439,0,2635,8725,93,176,1,93,93,15,0,0,0.000000,inf,inf,51,0.474124,0,0.581059,inf,0,0.010401,0.000793,0.011203,0.223231
68.051223,1786670429.069161,1769605488.057741,1769605488.157812,map_start,map,map_start,,,0.000000,0.000000,2441,0,2674,8822,91,170,1,91,91,14,0,0,0.000000,inf,inf,46,0.458278,0,0.591223,inf,0,0.012271,0.002078,0.014376,0.229823
68.840739,1786670429.462672,1769605488.457772,1769605488.557808,map_start,map,map_start,,,0.000000,0.000000,2421,0,2674,8898,89,162,1,89,89,9,0,0,0.000000,inf,inf,42,0.469457,0,0.594682,inf,0,0.009569,0.002242,0.011836,0.209622
69.629914,1786670429.855455,1769605488.757736,1769605488.857729,map_start,map,map_start,,,0.000000,0.000000,2421,0,2718,8972,96,176,1,96,96,12,0,0,0.000000,inf,inf,48,0.474963,0,0.579180,inf,0,0.004504,0.001147,0.005666,0.202067
70.433354,1786670430.258386,1769605489.157711,1769605489.257666,map_start,map,map_start,,,0.000000,0.000000,2383,0,2735,9055,95,172,1,95,95,10,0,0,0.000000,inf,inf,45,0.527991,0,0.583627,inf,0,0.004719,0.000748,0.005477,0.195553
71.247080,1786670430.666629,1769605489.557707,1769605489.557707,map_start,map,map_start,,,0.000000,0.000000,2413,0,2780,9126,100,194,1,100,100,11,0,0,0.000000,inf,inf,54,0.493557,0,0.564508,inf,0,0.010563,0.001734,0.012318,0.192599
72.037464,1786670431.059720,1769605489.857742,1769605489.957707,map_start,map,map_start,,,0.000000,0.000000,2368,0,2815,9180,99,195,1,99,99,12,0,0,0.000000,inf,inf,48,0.481939,0,0.567994,inf,0,0.006868,0.001049,0.007929,0.210852
72.840809,1786670431.463022,1769605490.257714,1769605490.257714,map_start,map,map_start,,,0.000000,0.000000,2410,0,2861,9278,94,168,1,94,94,9,0,0,0.000000,inf,inf,40,0.522428,0,0.557752,inf,0,0.006947,0.000786,0.007742,0.204493
73.626535,1786670431.856262,1769605490.557827,1769605490.657820,map_start,map,map_start,,,0.000000,0.000000,2394,0,2896,9334,89,162,1,89,89,9,0,0,0.000000,inf,inf,33,0.500931,0,0.553227,inf,0,0.007575,0.000800,0.008387,0.202241
74.454815,1786670432.269353,1769605490.957751,1769605490.957751,map_start,map,map_start,,,0.000000,0.000000,2354,0,2916,9374,95,174,2,93,93,9,0,0,0.000000,inf,inf,37,0.481084,0,0.532099,inf,0,0.012177,0.002262,0.014463,0.191155
75.243045,1786670432.661978,1769605491.257684,1769605491.357753,map_start,map,map_start,,,0.000000,0.000000,2347,0,2935,9414,103,156,5,87,87,2,0,0,0.000000,inf,inf,27,0.496201,0,0.349805,inf,0,0.005941,0.001081,0.007033,0.212727
76.041337,1786670433.061133,1769605491.557840,1769605491.757793,map_start,map,map_start,,,0.000000,0.000000,2262,0,3007,10499,109,177,3,98,98,2,0,0,0.000000,inf,inf,34,0.493017,0,0.359929,inf,0,0.006254,0.001006,0.007270,0.206144
76.863687,1786670433.474512,1769605492.057817,1769605492.057817,map_start,map,map_start,,,0.000000,0.000000,2270,0,3054,10590,100,152,1,100,100,2,0,0,0.000000,inf,inf,32,0.467310,0,0.340185,inf,0,0.008841,0.001187,0.010039,0.208197
77.635885,1786670433.857473,1769605492.257703,1769605492.457665,map_start,map,map_start,,,0.000000,0.000000,2270,0,3077,10698,94,143,3,87,3,1,0,0,0.000000,inf,inf,25,0.494794,0,0.342485,inf,0,0.008785,0.000749,0.009544,0.222283
78.439394,1786670434.260927,1769605492.657767,1769605492.757841,map_start,map,map_start,,,0.000000,0.000000,2295,0,3145,10822,89,145,3,84,3,1,0,0,0.000000,inf,inf,21,0.516814,0,0.323478,inf,0,0.013389,0.002164,0.015580,0.197474
79.246184,1786670434.664340,1769605493.057723,1769605493.157881,map_start,map,map_start,,,0.000000,0.000000,2347,0,3173,10902,92,146,3,83,83,2,0,0,0.000000,inf,inf,26,0.470218,0,0.555796,inf,0,0.012494,0.002152,0.014667,0.205869
80.034640,1786670435.057418,1769605493.457758,1769605493.457758,map_start,map,map_start,,,0.000000,0.000000,2512,0,3211,11418,94,155,2,84,84,5,0,0,0.000000,inf,inf,34,0.470218,0,0.537005,inf,0,0.012841,0.002627,0.015494,0.204912
80.818520,1786670435.450268,1769605493.757777,1769605493.857867,map_start,map,map_start,,,0.000000,0.000000,2502,0,3242,11474,92,145,2,88,88,4,0,0,0.000000,inf,inf,24,0.488642,0,0.531765,inf,0,0.006484,0.001233,0.007729,0.197723
81.644737,1786670435.863449,1769605494.157702,1769605494.257715,map_start,map,map_start,,,0.000000,0.000000,2491,0,3249,11546,98,152,1,98,98,5,0,0,0.000000,inf,inf,28,0.481862,0,0.515185,inf,0,0.010299,0.003235,0.013564,0.185183
82.420945,1786670436.251211,1769605494.457716,1769605494.557809,map_start,map,map_start,,,0.000000,0.000000,2474,0,3274,11582,85,139,1,85,85,6,0,0,0.000000,inf,inf,22,0.488937,0,0.487828,inf,0,0.011547,0.002727,0.014307,0.204870
83.234258,1786670436.659375,1769605494.857645,1769605494.957916,map_start,map,map_start,,,0.000000,0.000000,2416,0,3300,11638,93,150,1,93,93,5,0,0,0.000000,inf,inf,27,0.476525,0,0.486774,inf,0,0.014362,0.003121,0.017511,0.185856
84.030367,1786670437.057878,1769605495.157788,1769605495.257755,map_start,map,map_start,,,0.000000,0.000000,2392,0,3307,11694,99,157,1,99,99,5,0,0,0.000000,inf,inf,33,0.476034,0,0.455059,inf,0,0.011176,0.003148,0.014357,0.192907
84.817188,1786670437.450891,1769605495.557817,1769605495.657726,map_start,map,map_start,,,0.000000,0.000000,2276,0,3315,11702,98,158,1,98,98,5,0,0,0.000000,inf,inf,34,0.474836,0,0.443418,inf,0,0.009308,0.002747,0.012077,0.192381
85.623262,1786670437.854168,1769605495.957896,1769605495.957896,map_start,map,map_start,,,0.000000,0.000000,2276,0,3329,11750,100,148,1,100,100,1,0,0,0.000000,inf,inf,28,0.475399,0,0.389872,inf,0,0.012405,0.002489,0.014918,0.182143
86.448973,1786670438.268271,1769605496.257860,1769605496.357758,map_start,map,map_start,,,0.000000,0.000000,2234,0,3339,11778,96,137,1,96,96,1,0,0,0.000000,inf,inf,18,0.476747,0,0.361478,inf,0,0.010181,0.003009,0.013219,0.183030
87.213187,1786670438.646618,1769605496.657741,1769605496.657741,map_start,map,map_start,,,0.000000,0.000000,2184,0,3350,11802,100,153,1,100,100,3,0,0,0.000000,inf,inf,27,0.470811,0,0.519821,inf,0,0.008771,0.001191,0.009970,0.210000
88.022369,1786670439.054821,1769605496.857750,1769605497.057921,map_start,map,map_start,,,0.000000,0.000000,2159,0,3359,11822,105,174,1,105,105,4,0,0,0.000000,inf,inf,33,0.496306,0,0.449977,inf,0,0.012960,0.002783,0.015767,0.177308
88.821385,1786670439.453536,1769605497.357780,1769605497.457719,map_start,map,map_start,,,0.000000,0.000000,2093,0,3370,11830,108,185,1,108,108,3,0,0,0.000000,inf,inf,36,0.479269,0,0.400553,inf,0,0.009240,0.002784,0.012051,0.189627
89.647425,1786670439.866336,1769605497.757814,1769605497.757814,map_start,map,map_start,,,0.000000,0.000000,2079,0,3388,11841,115,220,1,115,115,10,0,0,0.000000,inf,inf,46,0.477751,0,0.539216,inf,0,0.013472,0.003080,0.016579,0.181251
90.421262,1786670440.254356,1769605498.058005,1769605498.157751,map_start,map,map_start,,,0.000000,0.000000,2016,0,3430,11871,107,202,1,107,107,8,0,0,0.000000,inf,inf,41,0.476169,0,0.438081,inf,0,0.003724,0.000826,0.004559,0.211052
91.248664,1786670440.667304,1769605498.457874,1769605498.557814,map_start,map,map_start,,,0.000000,0.000000,1949,0,3469,11883,117,210,1,117,117,8,0,0,0.000000,inf,inf,41,0.475404,0,0.562534,inf,0,0.012606,0.002521,0.015150,0.179723
92.051622,1786670441.065897,1769605498.857830,1769605498.857830,map_start,map,map_start,,,0.000000,0.000000,1937,0,3483,11955,112,203,1,112,112,6,0,0,0.000000,inf,inf,36,0.457285,0,0.456881,inf,0,0.010833,0.002481,0.013338,0.217744
92.884427,1786670441.484753,1769605499.157753,1769605499.257765,map_start,map,map_start,,,0.000000,0.000000,1890,0,3506,12011,116,204,1,116,116,3,0,0,0.000000,inf,inf,32,0.457285,0,0.478338,inf,0,0.009297,0.003214,0.012545,0.217744
93.649811,1786670441.868164,1769605499.557802,1769605499.557802,map_start,map,map_start,,,0.000000,0.000000,1881,0,3518,12048,115,197,2,113,113,6,0,0,0.000000,inf,inf,34,0.466109,0,0.476300,inf,0,0.006344,0.001052,0.007419,0.242874
94.462430,1786670442.272048,1769605499.857714,1769605499.957681,map_start,map,map_start,,,0.000000,0.000000,1820,0,3535,12061,111,189,2,109,109,7,0,0,0.000000,inf,inf,34,0.478541,0,0.681564,inf,0,0.011527,0.003189,0.014745,0.225867
95.300702,1786670442.690376,1769605500.257697,1769605500.357742,map_start,map,map_start,,,0.000000,0.000000,1588,0,3554,12411,119,207,2,117,117,9,0,0,0.000000,inf,inf,42,0.482396,0,0.599599,inf,0,0.013706,0.002559,0.016291,0.225867
96.075639,1786670443.078665,1769605500.557714,1769605500.657831,map_start,map,map_start,,,0.000000,0.000000,1788,0,3561,12487,126,228,2,124,124,5,0,0,0.000000,inf,inf,44,0.486442,0,0.554926,inf,0,0.013401,0.002369,0.015793,0.266828
96.874337,1786670443.476874,1769605500.957889,1769605501.057635,map_start,map,map_start,,,0.000000,0.000000,1742,0,3583,12511,126,240,2,124,124,11,0,0,0.000000,inf,inf,49,0.469794,0,0.552605,inf,0,0.014022,0.003153,0.017200,0.236939
97.665197,1786670443.875297,1769605501.357745,1769605501.357745,map_start,map,map_start,,,0.000000,0.000000,1733,0,3645,12596,120,200,2,118,118,2,0,0,0.000000,inf,inf,35,0.477357,0,0.308816,inf,0,0.008121,0.000831,0.008959,0.236939
98.461409,1786670444.273215,1769605501.657723,1769605501.757707,map_start,map,map_start,,,0.000000,0.000000,1433,0,3727,12731,129,219,1,129,129,6,0,0,0.000000,inf,inf,42,0.460086,0,0.485166,inf,0,0.013928,0.002391,0.016341,0.231304
