wall_elapsed_s,ros_time,map_stamp,odom_stamp,map_frame,source_odom_frame,graph_frame,goal_frame,path_frame,initial_position_error_m,initial_yaw_error_deg,static_points,dynamic_points,graph_static_points,accumulated_static_points,graph_nodes,graph_edges,graph_components,largest_component,robot_component,robot_degree,blocked_edges,path_poses,path_length_m,path_goal_error_m,path_min_clearance_m,graph_edges_checked,graph_min_clearance_m,graph_clearance_violations,waypoint_path_distance_m,reached,semantic_snapshot_s,semantic_update_s,semantic_callback_s,main_loop_s
3.941272,1786670396.963951,1769605459.457861,1769605459.457861,map_start,map,map_start,,,0.000000,0.000000,364,0,109,364,22,58,1,22,22,12,0,0,0.000000,inf,inf,32,0.485995,0,inf,0,0.003474,0.000476,0.004012,0.000000
4.749614,1786670397.368018,1769605459.857742,1769605459.857742,map_start,map,map_start,,,0.000000,0.000000,420,0,133,432,22,57,1,22,22,11,0,0,0.000000,inf,inf,31,0.461736,0,inf,0,0.001453,0.000269,0.001741,0.000048
5.557594,1786670397.772449,1769605460.157801,1769605460.157801,map_start,map,map_start,,,0.000000,0.000000,480,0,157,492,23,57,1,23,23,9,0,0,0.000000,inf,inf,29,0.473785,0,inf,0,0.001693,0.000381,0.002098,0.006600
6.358034,1786670398.172382,1769605460.557768,1769605460.557768,map_start,map,map_start,,,0.000000,0.000000,536,0,181,544,21,46,1,21,21,7,0,0,0.000000,inf,inf,25,0.473785,0,inf,0,0.002040,0.000564,0.002624,0.015043
7.158104,1786670398.571348,1769605460.857878,1769605460.957700,map_start,map,map_start,,,0.000000,0.000000,548,0,185,568,22,49,1,22,22,7,0,0,0.000000,inf,inf,26,0.473785,0,inf,0,0.002102,0.000468,0.002598,0.016207
7.956040,1786670398.970553,1769605461.257947,1769605461.257947,map_start,map,map_start,,,0.000000,0.000000,560,0,201,584,22,50,1,22,22,8,0,0,0.000000,inf,inf,28,0.478615,0,inf,0,0.002326,0.000428,0.002787,0.018428
8.749468,1786670399.370371,1769605461.557801,1769605461.657746,map_start,map,map_start,,,0.000000,0.000000,564,0,204,588,22,52,1,22,22,8,0,0,0.000000,inf,inf,28,0.478615,0,inf,0,0.002257,0.000481,0.002766,0.011015
9.547087,1786670399.770280,1769605461.957834,1769605462.057748,map_start,map,map_start,,,0.000000,0.000000,560,0,207,596,23,54,1,23,23,8,0,0,0.000000,inf,inf,28,0.478615,0,inf,0,0.001827,0.000417,0.002268,0.011015
10.354192,1786670400.174165,1769605462.357857,1769605462.357857,map_start,map,map_start,,,0.000000,0.000000,576,0,216,616,22,52,1,22,22,8,0,0,0.000000,inf,inf,27,0.476712,0,inf,0,0.002149,0.000397,0.002568,0.009749
11.163563,1786670400.578601,1769605462.657860,1769605462.757703,map_start,map,map_start,,,0.000000,0.000000,624,0,231,660,25,60,1,25,25,8,0,0,0.000000,inf,inf,30,0.476712,0,inf,0,0.001361,0.000299,0.001678,0.018830
11.948461,1786670400.969772,1769605463.057787,1769605463.057787,map_start,map,map_start,,,0.000000,0.000000,632,0,231,668,25,59,1,25,25,8,0,0,0.000000,inf,inf,30,0.476712,0,inf,0,0.002298,0.000504,0.002829,0.019200
12.750717,1786670401.369082,1769605463.358770,1769605463.457826,map_start,map,map_start,,,0.000000,0.000000,624,0,231,676,29,62,2,27,27,7,0,0,0.000000,inf,inf,31,0.480433,0,inf,0,0.002082,0.000414,0.002518,0.012804
13.559119,1786670401.773778,1769605463.757796,1769605463.757796,map_start,map,map_start,,,0.000000,0.000000,636,0,242,708,29,62,2,27,27,7,0,0,0.000000,inf,inf,31,0.455408,0,inf,0,0.002284,0.000462,0.002771,0.016173
14.362059,1786670402.177402,1769605464.157863,1769605464.157863,map_start,map,map_start,,,0.000000,0.000000,652,0,245,712,27,62,1,27,27,8,0,0,0.000000,inf,inf,32,0.485456,0,inf,0,0.002750,0.000605,0.003380,0.014842
15.145924,1786670402.566241,1769605464.457789,1769605464.557767,map_start,map,map_start,,,0.000000,0.000000,664,0,253,716,29,74,1,29,29,7,0,0,0.000000,inf,inf,31,0.485456,0,inf,0,0.000558,0.000119,0.000687,0.020412
15.956265,1786670402.974144,1769605464.857798,1769605464.857798,map_start,map,map_start,,,0.000000,0.000000,656,0,250,716,29,74,1,29,29,7,0,0,0.000000,inf,inf,31,0.485456,0,inf,0,0.002435,0.000547,0.003009,0.021999
16.769632,1786670403.378952,1769605465.157680,1769605465.257789,map_start,map,map_start,,,0.000000,0.000000,668,0,252,724,29,75,1,29,29,7,0,0,0.000000,inf,inf,31,0.455827,0,inf,0,0.002457,0.000560,0.003052,0.021999
17.563510,1786670403.777376,1769605465.557701,1769605465.557701,map_start,map,map_start,,,0.000000,0.000000,660,0,262,740,29,75,1,29,29,7,0,0,0.000000,inf,inf,31,0.455827,0,inf,0,0.002207,0.000437,0.002669,0.025145
18.365219,1786670404.177775,1769605465.857830,1769605465.957759,map_start,map,map_start,,,0.000000,0.000000,676,0,285,768,34,98,1,34,34,9,0,0,0.000000,inf,inf,39,0.486200,0,inf,0,0.002332,0.000476,0.002831,0.023005
19.148437,1786670404.571074,1769605466.157845,1769605466.257717,map_start,map,map_start,,,0.000000,0.000000,763,0,323,831,38,98,2,37,1,0,0,0,0.000000,inf,inf,34,0.469297,0,inf,0,0.000713,0.000138,0.000858,0.009992
19.961177,1786670404.976111,1769605466.657809,1769605466.657809,map_start,map,map_start,,,0.000000,0.000000,759,0,326,851,38,94,2,37,1,0,0,0,0.000000,inf,inf,35,0.469297,0,inf,0,0.002715,0.000521,0.003261,0.021963
20.762768,1786670405.375895,1769605466.957787,1769605467.057767,map_start,map,map_start,,,0.000000,0.000000,859,0,361,947,38,90,2,37,1,0,0,0,0.000000,inf,inf,29,0.473552,0,inf,0,0.002062,0.000386,0.002466,0.021963
21.558293,1786670405.775339,1769605467.357737,1769605467.357737,map_start,map,map_start,,,0.000000,0.000000,967,0,412,1047,42,91,2,41,1,0,0,0,0.000000,inf,inf,35,0.493612,0,inf,0,0.003634,0.000646,0.004310,0.021231
22.355377,1786670406.170473,1769605467.657676,1769605467.757705,map_start,map,map_start,,,0.000000,0.000000,1013,0,438,1129,40,81,2,39,1,0,0,0,0.000000,inf,inf,33,0.500046,0,inf,0,0.003767,0.000710,0.004510,0.021231
23.159176,1786670406.575298,1769605467.957775,1769605468.057817,map_start,map,map_start,,,0.000000,0.000000,1081,0,482,1177,46,92,2,45,1,0,0,0,0.000000,inf,inf,37,0.489514,0,inf,0,0.003823,0.000817,0.004670,0.017376
23.962712,1786670406.974892,1769605468.357821,1769605468.457785,map_start,map,map_start,,,0.000000,0.000000,1259,0,556,1354,48,99,2,47,1,0,0,0,0.000000,inf,inf,45,0.494643,0,inf,0,0.003108,0.000528,0.003656,0.021993
24.773899,1786670407.383960,1769605468.757795,1769605468.757795,map_start,map,map_start,,,0.000000,0.000000,1380,0,593,1511,46,99,2,45,1,0,0,0,0.000000,inf,inf,43,0.503252,0,inf,0,0.004375,0.001100,0.005496,0.025957
25.573655,1786670407.782787,1769605469.157821,1769605469.157821,map_start,map,map_start,,,0.000000,0.000000,1528,0,653,1643,47,99,2,46,1,0,0,0,0.000000,inf,inf,35,0.492711,0,inf,0,0.003651,0.000937,0.004619,0.028997
26.364733,1786670408.177961,1769605469.457753,1769605469.457753,map_start,map,map_start,,,0.000000,0.000000,1676,0,709,1807,41,88,2,40,1,0,0,0,0.000000,inf,inf,28,0.480965,0,inf,0,0.002684,0.000488,0.003187,0.031569
27.175962,1786670408.583367,1769605469.857767,1769605469.857767,map_start,map,map_start,,,0.000000,0.000000,1759,0,749,1890,40,82,2,39,1,0,0,0,0.000000,inf,inf,28,0.492046,0,inf,0,0.002213,0.000663,0.002893,0.022517
27.972392,1786670408.982886,1769605470.157923,1769605470.257796,map_start,map,map_start,,,0.000000,0.000000,1855,0,796,1978,37,78,2,36,1,0,0,0,0.000000,inf,inf,28,0.477232,0,inf,0,0.003714,0.001096,0.004840,0.032612
28.779276,1786670409.383748,1769605470.557749,1769605470.557749,map_start,map,map_start,,,0.000000,0.000000,1960,0,874,2141,43,80,2,42,1,0,0,0,0.000000,inf,inf,33,0.490928,0,inf,0,0.003035,0.001355,0.004417,0.035080
29.583867,1786670409.787878,1769605470.857691,1769605470.957817,map_start,map,map_start,,,0.000000,0.000000,2073,0,948,2283,46,99,1,46,46,10,0,0,0.000000,inf,inf,42,0.308833,10,inf,0,0.005547,0.000540,0.006100,0.035080
30.374431,1786670410.182362,1769605471.257880,1769605471.257880,map_start,map,map_start,,,0.000000,0.000000,2115,0,992,2356,48,104,1,48,48,11,0,0,0.000000,inf,inf,49,0.273123,10,inf,0,0.004935,0.000916,0.005878,0.041408
31.173827,1786670410.582110,1769605471.557762,1769605471.657726,map_start,map,map_start,,,0.000000,0.000000,2103,0,1019,2395,46,100,1,46,46,8,0,0,0.000000,inf,inf,45,0.290452,7,inf,0,0.005123,0.000351,0.005483,0.033422
31.980236,1786670410.987113,1769605471.957796,1769605472.057874,map_start,map,map_start,,,0.000000,0.000000,2102,0,1046,2435,49,92,3,47,47,7,0,0,0.000000,inf,inf,43,0.379351,2,inf,0,0.005689,0.000348,0.006044,0.032940
32.779200,1786670411.384324,1769605472.257710,1769605472.357723,map_start,map,map_start,,,0.000000,0.000000,2100,0,1061,2459,45,92,3,43,43,8,0,0,0.000000,inf,inf,41,0.474337,0,inf,0,0.005214,0.001226,0.006463,0.039060
33.598492,1786670411.792329,1769605472.657699,1769605472.757741,map_start,map,map_start,,,0.000000,0.000000,2140,0,1104,2529,59,143,2,58,58,10,0,0,0.000000,inf,inf,51,0.470626,0,inf,0,0.006472,0.001445,0.007941,0.043266
34.382528,1786670412.186622,1769605473.057774,1769605473.057774,map_start,map,map_start,,,0.000000,0.000000,2175,0,1130,2603,54,116,3,52,52,9,0,0,0.000000,inf,inf,44,0.480364,0,inf,0,0.003710,0.001175,0.004907,0.056294
35.188361,1786670412.590794,1769605473.357780,1769605473.457622,map_start,map,map_start,,,0.000000,0.000000,2227,0,1211,2695,52,109,2,51,1,0,0,0,0.000000,inf,inf,30,0.471143,0,inf,0,0.003783,0.000700,0.004494,0.042457
35.992738,1786670412.991230,1769605473.757843,1769605473.857809,map_start,map,map_start,,,0.000000,0.000000,2285,0,1258,2787,61,145,1,61,61,11,0,0,0.000000,inf,inf,45,0.474500,0,inf,0,0.005768,0.000640,0.006429,0.050816
36.793899,1786670413.391369,1769605474.157850,1769605474.157850,map_start,map,map_start,,,0.000000,0.000000,2346,0,1303,2862,63,138,2,62,1,0,0,0,0.000000,inf,inf,38,0.472825,0,inf,0,0.005898,0.000424,0.006328,0.054462
37.604956,1786670413.795931,1769605474.457772,1769605474.557888,map_start,map,map_start,,,0.000000,0.000000,2437,0,1361,2964,58,126,1,58,58,10,0,0,0.000000,inf,inf,42,0.498974,0,inf,0,0.006671,0.000974,0.007675,0.054462
38.406991,1786670414.200212,1769605474.857772,1769605474.857772,map_start,map,map_start,,,0.000000,0.000000,2465,0,1367,3063,63,130,2,62,62,10,0,0,0.000000,inf,inf,47,0.496784,0,inf,0,0.006250,0.001747,0.008022,0.070159
39.196389,1786670414.594232,1769605475.157749,1769605475.257842,map_start,map,map_start,,,0.000000,0.000000,2532,0,1415,3157,63,130,2,62,62,10,0,0,0.000000,inf,inf,44,0.484266,0,inf,0,0.006630,0.000559,0.007215,0.070159
40.010117,1786670414.999652,1769605475.557784,1769605475.657791,map_start,map,map_start,,,0.000000,0.000000,2529,0,1423,3207,62,125,2,61,61,10,0,0,0.000000,inf,inf,43,0.487127,0,inf,0,0.006878,0.001808,0.008719,0.061148
40.805131,1786670415.399570,1769605475.957720,1769605475.957720,map_start,map,map_start,,,0.000000,0.000000,2630,0,1474,3319,60,120,2,59,59,10,0,0,0.000000,inf,inf,40,0.493676,0,inf,0,0.007008,0.001885,0.008926,0.074344
41.627413,1786670415.809251,1769605476.257735,1769605476.357736,map_start,map,map_start,,,0.000000,0.000000,2668,0,1522,3415,69,155,2,68,68,11,0,0,0.000000,inf,inf,42,0.486627,0,inf,0,0.007945,0.001915,0.009890,0.069305
42.420947,1786670416.203873,1769605476.657813,1769605476.657813,map_start,map,map_start,,,0.000000,0.000000,2620,0,1542,3451,70,157,2,69,69,11,0,0,0.000000,inf,inf,44,0.490302,0,inf,0,0.007159,0.000883,0.008067,0.082327
43.238920,1786670416.614012,1769605477.057748,1769605477.057748,map_start,map,map_start,,,0.000000,0.000000,2586,0,1561,3507,66,148,2,65,65,11,0,0,0.000000,inf,inf,40,0.483044,0,inf,0,0.007273,0.000583,0.007866,0.075424
44.038827,1786670417.014102,1769605477.357692,1769605477.457819,map_start,map,map_start,,,0.000000,0.000000,2624,0,1618,3579,75,174,2,74,74,12,0,0,0.000000,inf,inf,44,0.487196,0,inf,0,0.008479,0.002036,0.010543,0.094308
44.841699,1786670417.413826,1769605477.757705,1769605477.757705,map_start,map,map_start,,,0.000000,0.000000,2639,0,1667,3678,78,175,2,77,77,11,0,0,0.000000,inf,inf,46,0.503409,0,inf,0,0.007827,0.002052,0.009907,0.093912
45.657951,1786670417.823546,1769605478.057775,1769605478.157815,map_start,map,map_start,,,0.000000,0.000000,2626,0,1717,3752,85,188,2,84,84,11,0,0,0.000000,inf,inf,52,0.508958,0,inf,0,0.009163,0.002141,0.011327,0.097357
46.456063,1786670418.222575,1769605478.357828,1769605478.457741,map_start,map,map_start,,,0.000000,0.000000,2615,0,1726,3841,85,191,2,84,84,11,0,0,0.000000,inf,inf,50,0.485688,0,inf,0,0.009172,0.002081,0.011286,0.114522
47.256276,1786670418.622208,1769605478.757745,1769605478.857793,map_start,map,map_start,,,0.000000,0.000000,2664,0,1799,3952,83,172,4,80,1,0,0,0,0.000000,inf,inf,37,0.466896,0,inf,0,0.007666,0.001438,0.009122,0.113775
48.068430,1786670419.026596,1769605479.157781,1769605479.257838,map_start,map,map_start,,,0.000000,0.000000,2701,0,1856,4047,84,180,3,82,82,11,0,0,0.000000,inf,inf,53,0.475514,0,inf,0,0.009639,0.001849,0.011514,0.115349
48.863472,1786670419.426119,1769605479.457722,1769605479.557718,map_start,map,map_start,,,0.000000,0.000000,2716,0,1952,4171,82,165,3,80,1,0,0,0,0.000000,inf,inf,41,0.474401,0,inf,0,0.009234,0.002347,0.011609,0.127470
49.676676,1786670419.830880,1769605479.857860,1769605479.957710,map_start,map,map_start,,,0.000000,0.000000,2724,0,2004,4287,87,170,3,85,1,0,0,0,0.000000,inf,inf,46,0.470476,0,inf,0,0.007306,0.002409,0.009742,0.125842
50.490862,1786670420.239205,1769605480.257801,1769605480.257801,map_start,map,map_start,,,0.000000,0.000000,2798,0,2049,4421,87,171,2,86,1,0,0,0,0.000000,inf,inf,41,0.496970,0,inf,0,0.010072,0.000581,0.010661,0.138457
51.286321,1786670420.638076,1769605480.557717,1769605480.657696,map_start,map,map_start,,,0.000000,0.000000,2845,0,2094,4532,86,171,2,85,1,0,0,0,0.000000,inf,inf,45,0.488872,0,inf,0,0.004926,0.000907,0.005844,0.146674
52.095826,1786670421.043557,1769605480.957757,1769605480.957757,map_start,map,map_start,,,0.000000,0.000000,2796,0,2098,4608,84,165,2,83,1,0,0,0,0.000000,inf,inf,39,0.487026,0,inf,0,0.009906,0.002324,0.012257,0.145246
52.890766,1786670421.439354,1769605481.257692,1769605481.357685,map_start,map,map_start,,,0.000000,0.000000,2759,0,2121,4630,88,172,2,87,1,0,0,0,0.000000,inf,inf,46,0.478289,0,inf,0,0.002646,0.000603,0.003258,0.152982
53.695028,1786670421.843425,1769605481.657768,1769605481.657768,map_start,map,map_start,,,0.000000,0.000000,2762,0,2145,4686,92,177,3,90,1,0,0,0,0.000000,inf,inf,45,0.478605,0,inf,0,0.009051,0.000645,0.009706,0.146501
54.501320,1786670422.244027,1769605481.957730,1769605482.057734,map_start,map,map_start,,,0.000000,0.000000,2765,0,2178,4755,95,188,3,93,1,0,0,0,0.000000,inf,inf,49,0.478605,0,inf,0,0.007048,0.000617,0.007674,0.152851
55.306994,1786670422.647826,1769605482.357692,1769605482.457830,map_start,map,map_start,,,0.000000,0.000000,2720,0,2210,4828,94,179,3,92,1,0,0,0,0.000000,inf,inf,46,0.470910,0,inf,0,0.008456,0.001891,0.010371,0.157629
56.113701,1786670423.051538,1769605482.757811,1769605482.757811,map_start,map,map_start,,,0.000000,0.000000,2692,0,2232,4907,90,175,2,89,1,0,0,0,0.000000,inf,inf,45,0.475649,0,inf,0,0.008218,0.000974,0.009201,0.165517
56.915262,1786670423.450969,1769605483.057814,1769605483.157770,map_start,map,map_start,,,0.000000,0.000000,2650,0,2262,4952,87,155,2,86,1,0,0,0,0.000000,inf,inf,40,0.476830,0,inf,0,0.010605,0.001669,0.012312,0.177973
57.722179,1786670423.854363,1769605483.457763,1769605483.457763,map_start,map,map_start,,,0.000000,0.000000,2620,0,2273,5000,98,207,2,97,97,8,0,0,0.000000,inf,inf,59,0.486320,0,inf,0,0.008842,0.001002,0.009869,0.177973
58.531940,1786670424.262799,1769605483.857711,1769605483.857711,map_start,map,map_start,,,0.000000,0.000000,2563,0,2304,5046,105,232,1,105,105,12,0,0,0.000000,inf,inf,67,0.468512,0,inf,0,0.006952,0.002202,0.009185,0.189688
59.314835,1786670424.650146,1769605484.157765,1769605484.257813,map_start,map,map_start,,,0.000000,0.000000,2506,0,2320,5114,101,218,1,101,101,16,0,0,0.000000,inf,inf,71,0.470398,0,inf,0,0.004443,0.001912,0.006377,0.189688
60.136050,1786670425.064636,1769605484.557889,1769605484.557889,map_start,map,map_start,,,0.000000,0.000000,2629,0,2357,7743,91,180,1,91,91,9,0,0,0.000000,inf,inf,54,0.476069,0,inf,0,0.011341,0.002563,0.013931,0.177689
60.931565,1786670425.459044,1769605484.857750,1769605484.957796,map_start,map,map_start,,,0.000000,0.000000,2408,0,2354,7847,88,175,1,88,88,9,0,0,0.000000,inf,inf,53,0.471807,0,inf,0,0.009827,0.002596,0.012448,0.187015
61.723922,1786670425.857436,1769605485.257726,1769605485.257726,map_start,map,map_start,,,0.000000,0.000000,2381,0,2384,7899,85,170,1,85,85,10,0,0,0.000000,inf,inf,54,0.466808,0,inf,0,0.011975,0.002502,0.014509,0.187015
62.522468,1786670426.257805,1769605485.557824,1769605485.657712,map_start,map,map_start,,,0.000000,0.000000,2307,0,2418,7927,89,174,1,89,89,12,0,0,0.000000,inf,inf,50,0.452056,0,inf,0,0.008391,0.001021,0.009425,0.183125
63.326422,1786670426.657221,1769605485.957821,1769605485.957821,map_start,map,map_start,,,0.000000,0.000000,2324,0,2436,7996,90,175,2,89,89,11,0,0,0.000000,inf,inf,49,0.476933,0,inf,0,0.011296,0.001714,0.013036,0.180509
64.119715,1786670427.056582,1769605486.257750,1769605486.357854,map_start,map,map_start,,,0.000000,0.000000,2360,0,2465,8228,93,183,1,93,93,14,0,0,0.000000,inf,inf,52,0.470129,0,inf,0,0.007788,0.001020,0.008819,0.186803
64.925074,1786670427.456048,1769605486.657927,1769605486.757730,map_start,map,map_start,,,0.000000,0.000000,2378,0,2505,8339,93,179,1,93,93,11,0,0,0.000000,inf,inf,50,0.463863,0,inf,0,0.008135,0.001395,0.009546,0.181031
65.737471,1786670427.863657,1769605487.057713,1769605487.057713,map_start,map,map_start,,,0.000000,0.000000,2412,0,2555,8484,99,198,1,99,99,18,0,0,0.000000,inf,inf,61,0.467811,0,inf,0,0.005733,0.001581,0.007334,0.186679
66.525648,1786670428.257678,1769605487.357722,1769605487.457716,map_start,map,map_start,,,0.000000,0.000000,2447,0,2609,8624,92,169,1,92,92,14,0,0,0.000000,inf,inf,48,0.473797,0,inf,0,0.010401,0.000745,0.011153,0.193186
67.355175,1786670428.672082,1769605487.757697,1769605487.757697,map_start,map,map_start,,,0.000000,0.000000,2439,0,2635,8725,94,178,1,94,94,15,0,0,0.000000,inf,inf,51,0.474124,0,inf,0,0.011810,0.002976,0.014815,0.183211
68.134204,1786670429.060054,1769605488.057741,1769605488.157812,map_start,map,map_start,,,0.000000,0.000000,2441,0,2674,8822,93,173,2,92,92,14,0,0,0.000000,inf,inf,46,0.474124,0,inf,0,0.008979,0.001167,0.010160,0.214943
68.940586,1786670429.463239,1769605488.457772,1769605488.557808,map_start,map,map_start,,,0.000000,0.000000,2421,0,2674,8898,92,165,3,90,90,9,0,0,0.000000,inf,inf,42,0.469457,0,inf,0,0.012412,0.002483,0.014921,0.195786
69.751010,1786670429.872700,1769605488.857729,1769605488.857729,map_start,map,map_start,,,0.000000,0.000000,2421,0,2718,8972,99,179,3,97,97,12,0,0,0.000000,inf,inf,48,0.474963,0,inf,0,0.011182,0.000886,0.012080,0.210416
70.543517,1786670430.266063,1769605489.157711,1769605489.257666,map_start,map,map_start,,,0.000000,0.000000,2383,0,2735,9055,96,175,1,96,96,10,0,0,0.000000,inf,inf,45,0.527991,0,inf,0,0.009099,0.001107,0.010216,0.210416
71.340068,1786670430.665070,1769605489.557707,1769605489.557707,map_start,map,map_start,,,0.000000,0.000000,2413,0,2780,9126,100,195,1,100,100,11,0,0,0.000000,inf,inf,54,0.493557,0,inf,0,0.008098,0.000757,0.008863,0.205491
72.142231,1786670431.064411,1769605489.857742,1769605489.957707,map_start,map,map_start,,,0.000000,0.000000,2368,0,2815,9180,99,196,1,99,99,12,0,0,0.000000,inf,inf,48,0.481939,0,inf,0,0.007808,0.000807,0.008622,0.194936
72.957799,1786670431.473478,1769605490.257714,1769605490.257714,map_start,map,map_start,,,0.000000,0.000000,2410,0,2861,9278,95,168,2,94,94,9,0,0,0.000000,inf,inf,40,0.522428,0,inf,0,0.010243,0.001148,0.011403,0.198445
